USE GESTION_AGROINDUSTRIAL;


INSERT INTO CLIENTE (ID_Cliente, Nombre, Apellido, Telefono, Email, Tipo) VALUES
(1, 'Carlos', 'Ramírez', '3001112233', 'c.ramirez@gmail.com', 'Mayorista'),
(2, 'Ana', 'Martínez', '3002223344', 'ana.martinez@yahoo.com', 'Minorista'),
(3, 'Luis', 'González', '3003334455', 'l.gonzalez@hotmail.com', 'Minorista'),
(4, 'María', 'Fernández', '3004445566', 'm.fernandez@outlook.com', 'Mayorista'),
(5, 'Jorge', 'Pérez', '3005556677', 'jorgeperez@gmail.com', 'Distribuidor'),
(6, 'Paula', 'Moreno', '3006667788', 'paula.moreno@gmail.com', 'Minorista'),
(7, 'Andrés', 'Torres', '3007778899', 'a.torres@yahoo.com', 'Mayorista'),
(8, 'Lucía', 'Rojas', '3008889900', 'lucia.rojas@hotmail.com', 'Distribuidor'),
(9, 'Daniel', 'Castaño', '3009990011', 'd.casta@gmail.com', 'Minorista'),
(10, 'Sandra', 'Gómez', '3010001122', 'sandragomez@live.com', 'Mayorista'),
(11, 'Camilo', 'Díaz', '3011112233', 'camilo.diaz@gmail.com', 'Mayorista'),
(12, 'Andrea', 'Herrera', '3012223344', 'a.herrera@yahoo.com', 'Minorista'),
(13, 'Felipe', 'López', '3013334455', 'felipe.lopez@hotmail.com', 'Distribuidor'),
(14, 'Diana', 'Navarro', '3014445566', 'diana.navarro@outlook.com', 'Mayorista'),
(15, 'Raúl', 'Mejía', '3015556677', 'raulmejia@gmail.com', 'Minorista'),
(16, 'Isabel', 'Vargas', '3016667788', 'isabel.vargas@gmail.com', 'Mayorista'),
(17, 'Esteban', 'Salazar', '3017778899', 'e.salazar@yahoo.com', 'Distribuidor'),
(18, 'Patricia', 'Cortés', '3018889900', 'pat.cortes@hotmail.com', 'Minorista'),
(19, 'Julio', 'Acosta', '3019990011', 'julio.acosta@gmail.com', 'Mayorista'),
(20, 'Elena', 'Molina', '3020001122', 'e.molina@live.com', 'Minorista'),
(21, 'Óscar', 'Peña', '3021112233', 'oscar.pena@gmail.com', 'Distribuidor'),
(22, 'Valentina', 'Ruiz', '3022223344', 'valen.ruiz@yahoo.com', 'Mayorista'),
(23, 'Santiago', 'Muñoz', '3023334455', 's.muñoz@hotmail.com', 'Minorista'),
(24, 'Gabriela', 'Ramírez', '3024445566', 'gabriela.ramirez@outlook.com', 'Mayorista'),
(25, 'Tomás', 'Núñez', '3025556677', 'tomas.nunez@gmail.com', 'Distribuidor'),
(26, 'Laura', 'Medina', '3026667788', 'laura.medina@gmail.com', 'Minorista'),
(27, 'Héctor', 'Delgado', '3027778899', 'hector.delgado@yahoo.com', 'Mayorista'),
(28, 'Carolina', 'Patiño', '3028889900', 'caro.patino@hotmail.com', 'Distribuidor'),
(29, 'Ricardo', 'Morales', '3029990011', 'r.morales@gmail.com', 'Mayorista'),
(30, 'Mónica', 'Soto', '3030001122', 'monica.soto@live.com', 'Minorista'),
(31, 'Cristian', 'Reyes', '3031112233', 'cristian.reyes@gmail.com', 'Distribuidor'),
(32, 'Tatiana', 'Cabrera', '3032223344', 'tatiana.cabrera@yahoo.com', 'Mayorista'),
(33, 'Sebastián', 'Quintero', '3033334455', 's.quintero@hotmail.com', 'Minorista'),
(34, 'Lorena', 'García', '3034445566', 'lorena.garcia@outlook.com', 'Mayorista'),
(35, 'Mauricio', 'Palacios', '3035556677', 'mauricio.palacios@gmail.com', 'Distribuidor'),
(36, 'Claudia', 'Suárez', '3036667788', 'claudia.suarez@gmail.com', 'Minorista'),
(37, 'Jonathan', 'Castillo', '3037778899', 'jonathan.castillo@yahoo.com', 'Mayorista'),
(38, 'Natalia', 'Silva', '3038889900', 'natalia.silva@hotmail.com', 'Distribuidor'),
(39, 'Álvaro', 'Lara', '3039990011', 'alvaro.lara@gmail.com', 'Mayorista'),
(40, 'Luisa', 'Valencia', '3040001122', 'luisa.valencia@live.com', 'Minorista'),
(41, 'Marcos', 'Rivera', '3041112233', 'marcos.rivera@gmail.com', 'Distribuidor'),
(42, 'Vanessa', 'Ortega', '3042223344', 'vanessa.ortega@yahoo.com', 'Mayorista'),
(43, 'Francisco', 'Campos', '3043334455', 'fran.campos@hotmail.com', 'Minorista'),
(44, 'Camila', 'Espinosa', '3044445566', 'camila.espinosa@outlook.com', 'Mayorista'),
(45, 'Alexander', 'Vélez', '3045556677', 'alex.velez@gmail.com', 'Distribuidor'),
(46, 'Melisa', 'Cano', '3046667788', 'melisa.cano@gmail.com', 'Minorista'),
(47, 'Samuel', 'Ayala', '3047778899', 'samuel.ayala@yahoo.com', 'Mayorista'),
(48, 'Nicole', 'Cárdenas', '3048889900', 'nicole.cardenas@hotmail.com', 'Distribuidor'),
(49, 'Miguel', 'Beltrán', '3049990011', 'miguel.beltran@gmail.com', 'Mayorista'),
(50, 'Angela', 'Pérez', '3050001122', 'angela.perez@live.com', 'Minorista');


INSERT INTO DIRECCION_CLIENTE (ID_Direccion, ID_Cliente, Ciudad, Departamento, Direccion_Detallada) VALUES
(1, 1, 'Medellín', 'Antioquia', 'Calle 10 #23-45'),
(2, 2, 'Bogotá', 'Cundinamarca', 'Carrera 7 #12-34'),
(3, 3, 'Cali', 'Valle del Cauca', 'Calle 5 #9-10'),
(4, 4, 'Barranquilla', 'Atlántico', 'Carrera 43 #76-89'),
(5, 5, 'Cartagena', 'Bolívar', 'Avenida Pedro de Heredia #45-67'),
(6, 6, 'Manizales', 'Caldas', 'Calle 19 #21-33'),
(7, 7, 'Pereira', 'Risaralda', 'Carrera 8 #14-22'),
(8, 8, 'Bucaramanga', 'Santander', 'Avenida Quebradaseca #13-45'),
(9, 9, 'Santa Marta', 'Magdalena', 'Carrera 5 #6-78'),
(10, 10, 'Ibagué', 'Tolima', 'Calle 60 #7-12'),
(11, 11, 'Cúcuta', 'Norte de Santander', 'Carrera 12 #34-56'),
(12, 12, 'Villavicencio', 'Meta', 'Avenida 40 #23-89'),
(13, 13, 'Neiva', 'Huila', 'Carrera 15 #17-18'),
(14, 14, 'Popayán', 'Cauca', 'Calle 3 #10-14'),
(15, 15, 'Tunja', 'Boyacá', 'Carrera 6 #21-45'),
(16, 16, 'Montería', 'Córdoba', 'Calle 27 #5-65'),
(17, 17, 'Quibdó', 'Chocó', 'Calle 9 #6-22'),
(18, 18, 'Riohacha', 'La Guajira', 'Carrera 1 #5-30'),
(19, 19, 'Sincelejo', 'Sucre', 'Calle 25 #8-45'),
(20, 20, 'Valledupar', 'Cesar', 'Carrera 11 #4-17'),
(21, 21, 'Armenia', 'Quindío', 'Calle 20 #13-50'),
(22, 22, 'Pasto', 'Nariño', 'Carrera 9 #17-25'),
(23, 23, 'Florencia', 'Caquetá', 'Calle 18 #22-10'),
(24, 24, 'Yopal', 'Casanare', 'Carrera 4 #9-33'),
(25, 25, 'Leticia', 'Amazonas', 'Calle 1 #2-3'),
(26, 26, 'Mocoa', 'Putumayo', 'Carrera 3 #5-15'),
(27, 27, 'San José del Guaviare', 'Guaviare', 'Calle 7 #11-40'),
(28, 28, 'Puerto Carreño', 'Vichada', 'Calle 8 #3-11'),
(29, 29, 'Mitú', 'Vaupés', 'Carrera 2 #4-7'),
(30, 30, 'Inírida', 'Guainía', 'Calle 9 #1-5'),
(31, 31, 'Zipaquirá', 'Cundinamarca', 'Calle 8 #7-13'),
(32, 32, 'Soacha', 'Cundinamarca', 'Carrera 10 #6-20'),
(33, 33, 'Girardot', 'Cundinamarca', 'Calle 11 #10-14'),
(34, 34, 'Facatativá', 'Cundinamarca', 'Carrera 4 #5-18'),
(35, 35, 'Mosquera', 'Cundinamarca', 'Calle 7 #8-10'),
(36, 36, 'Chía', 'Cundinamarca', 'Carrera 1 #3-12'),
(37, 37, 'Madrid', 'Cundinamarca', 'Calle 15 #2-17'),
(38, 38, 'Funza', 'Cundinamarca', 'Carrera 6 #11-20'),
(39, 39, 'Sogamoso', 'Boyacá', 'Calle 18 #10-11'),
(40, 40, 'Duitama', 'Boyacá', 'Carrera 8 #9-22'),
(41, 41, 'Fusagasugá', 'Cundinamarca', 'Calle 4 #6-13'),
(42, 42, 'Tuluá', 'Valle del Cauca', 'Carrera 5 #12-24'),
(43, 43, 'Palmira', 'Valle del Cauca', 'Calle 20 #3-19'),
(44, 44, 'Jamundí', 'Valle del Cauca', 'Carrera 7 #11-28'),
(45, 45, 'Cartago', 'Valle del Cauca', 'Calle 13 #6-9'),
(46, 46, 'Buga', 'Valle del Cauca', 'Carrera 10 #10-11'),
(47, 47, 'La Dorada', 'Caldas', 'Calle 11 #1-15'),
(48, 48, 'Honda', 'Tolima', 'Carrera 2 #4-20'),
(49, 49, 'Puerto Berrío', 'Antioquia', 'Calle 5 #2-8'),
(50, 50, 'Turbo', 'Antioquia', 'Carrera 3 #3-7');

INSERT INTO VENTAS (ID_Venta, ID_Cliente, Fecha_Venta, Metodo_Pago)
VALUES
(1, 1, '2025-01-10 10:00:00', 'Efectivo'),
(2, 2, '2025-01-11 11:30:00', 'Tarjeta'),
(3, 3, '2025-01-12 09:45:00', 'Transferencia'),
(4, 4, '2025-01-13 14:20:00', 'Efectivo'),
(5, 5, '2025-01-14 15:10:00', 'Tarjeta'),
(6, 6, '2025-01-15 13:30:00', 'Transferencia'),
(7, 7, '2025-01-16 08:00:00', 'Efectivo'),
(8, 8, '2025-01-17 12:00:00', 'Tarjeta'),
(9, 9, '2025-01-18 16:45:00', 'Transferencia'),
(10, 10, '2025-01-19 17:00:00', 'Efectivo'),
(11, 11, '2025-01-20 10:30:00', 'Tarjeta'),
(12, 12, '2025-01-21 11:15:00', 'Transferencia'),
(13, 13, '2025-01-22 09:00:00', 'Efectivo'),
(14, 14, '2025-01-23 14:00:00', 'Tarjeta'),
(15, 15, '2025-01-24 15:45:00', 'Transferencia'),
(16, 16, '2025-01-25 13:10:00', 'Efectivo'),
(17, 17, '2025-01-26 08:30:00', 'Tarjeta'),
(18, 18, '2025-01-27 12:45:00', 'Transferencia'),
(19, 19, '2025-01-28 16:00:00', 'Efectivo'),
(20, 20, '2025-01-29 17:30:00', 'Tarjeta'),
(21, 21, '2025-01-30 10:20:00', 'Transferencia'),
(22, 22, '2025-01-31 11:40:00', 'Efectivo'),
(23, 23, '2025-02-01 09:30:00', 'Tarjeta'),
(24, 24, '2025-02-02 14:10:00', 'Transferencia'),
(25, 25, '2025-02-03 15:50:00', 'Efectivo'),
(26, 26, '2025-02-04 13:00:00', 'Tarjeta'),
(27, 27, '2025-02-05 08:10:00', 'Transferencia'),
(28, 28, '2025-02-06 12:25:00', 'Efectivo'),
(29, 29, '2025-02-07 16:35:00', 'Tarjeta'),
(30, 30, '2025-02-08 17:20:00', 'Transferencia'),
(31, 31, '2025-02-09 10:45:00', 'Efectivo'),
(32, 32, '2025-02-10 11:50:00', 'Tarjeta'),
(33, 33, '2025-02-11 09:55:00', 'Transferencia'),
(34, 34, '2025-02-12 14:35:00', 'Efectivo'),
(35, 35, '2025-02-13 15:25:00', 'Tarjeta'),
(36, 36, '2025-02-14 13:15:00', 'Transferencia'),
(37, 37, '2025-02-15 08:20:00', 'Efectivo'),
(38, 38, '2025-02-16 12:35:00', 'Tarjeta'),
(39, 39, '2025-02-17 16:55:00', 'Transferencia'),
(40, 40, '2025-02-18 17:05:00', 'Efectivo'),
(41, 41, '2025-02-19 10:05:00', 'Tarjeta'),
(42, 42, '2025-02-20 11:25:00', 'Transferencia'),
(43, 43, '2025-02-21 09:40:00', 'Efectivo'),
(44, 44, '2025-02-22 14:50:00', 'Tarjeta'),
(45, 45, '2025-02-23 15:30:00', 'Transferencia'),
(46, 46, '2025-02-24 13:40:00', 'Efectivo'),
(47, 47, '2025-02-25 08:15:00', 'Tarjeta'),
(48, 48, '2025-02-26 12:10:00', 'Transferencia'),
(49, 49, '2025-02-27 16:25:00', 'Efectivo'),
(50, 50, '2025-02-28 17:45:00', 'Tarjeta');


INSERT INTO PROVEEDOR (ID_Proveedor, Nombre, Telefono, Direccion)
VALUES
(12, 'Agropecuaria San Luis', '3000000001', 'Finca El Trapiche'),
(22, 'Distribuidora El Campo', '3000000022', 'Vereda El Naranjo'),
(38, 'ProveAgro Sur', '3000000038', 'Km 4, vía al Valle'),
(47, 'Herramientas del Norte', '3000000047', 'Carrera 8 No. 21-15'),
(1, 'Agropecuaria San Luis', '3000000001', 'Finca El Trapiche'),
(2, 'Distribuidora El Campo', '3000000022', 'Vereda El Naranjo'),
(3, 'ProveAgro Sur', '3000000038', 'Km 4, vía al Valle'),
(4, 'Herramientas del Norte', '3000000047', 'Carrera 8 No. 21-15'),
(1000, 'Agrosolutions S.A.', '3012345678', 'Calle 45 No. 23-80, Ciudad Jardín'),
(211, 'Campo Vivo Ltda.', '3023456789', 'Carrera 12 No. 8-50, Zona Industrial'),
(311, 'AgroInnova', '3034567890', 'Av. Principal #15-100, Sector Norte'),
(411, 'Fertilizantes del Llano', '3045678901', 'Cra. 30 No. 14B-22, Centro'),
(5, 'Semillas La Esperanza', '3056789012', 'Vereda San Antonio, Km 7'),
(6, 'AgroMercados Colombia', '3067890123', 'Calle 9 No. 40-60, B. Primavera'),
(7, 'Insumos del Cafetal', '3078901234', 'Diagonal 23 No. 12-18, La Loma'),
(8, 'AgroAndina Ltda.', '3089012345', 'Transversal 18 #10A-55, Alto Prado'),
(9, 'Soluciones Rurales SAS', '3090123456', 'Km 2, Vía al Mar, Local 3'),
(10, 'Campo y Tierra SAS', '3101234567', 'Carrera 17 No. 5-25, Rural Centro'),
(11, 'ProCampo Industrial', '3112345678', 'Av. de los Agricultores, Parcela 4'),
(13, 'Verde Natural S.A.S.', '3123456789', 'Bodega 8, Sector Agro, B. Kennedy'),
(14, 'Agroservicios Rurales', '3134567890', 'Cl. 67 No. 8-90, Sector Industrial'),
(15, 'FincaFácil S.A.', '3145678901', 'Cra. 10 No. 67-89, Ciudad Verde'),
(16, 'Tecnocampo Ltda.', '3156789012', 'Vía Alterna, Km 5, Local 12'),
(17, 'Agrosur Colombia', '3167890123', 'Centro Comercial Agro, Local 1'),
(18, 'Distribuciones Agrícolas', '3178901234', 'Carrera 20 No. 15-45'),
(19, 'Insumos Agropecuarios SAS', '3189012345', 'Av. 5 de Agosto No. 44-10'),
(20, 'Ferticol S.A.S.', '3190123456', 'Vereda Los Patios, Parcela 10'),
(21, 'Agroinsumos del Caribe', '3201234567', 'Cl. 31 No. 11-17, Barrio Las Flores'),
(23, 'Riego Total S.A.', '3212345678', 'Zona Franca Agro, Módulo 3'),
(24, 'EcoAgro Distribuciones', '3223456789', 'Cl. 14 No. 7A-99, La Ceiba'),
(25, 'Campo Limpio', '3234567890', 'Cra. 25 No. 45-66, Valle Verde'),
(26, 'BioInsumos del Sur', '3245678901', 'Parque Industrial Agro, Bodega 9'),
(27, 'Distribuidora Santa Rosa', '3256789012', 'Vereda Santa Rosa, Km 3'),
(28, 'Agrofer S.A.', '3267890123', 'Calle 3 Sur No. 22-30'),
(29, 'La Semillera SAS', '3278901234', 'Cl. 28 No. 33-21, Barrio Nuevo'),
(30, 'FertilSoluciones SAS', '3289012345', 'Vía al Llano, Km 10, Bodega 5'),
(31, 'AgroAlimentos Nacionales', '3290123456', 'Zona Agroindustrial, Sector B'),
(32, 'Semillas y Fertilizantes Ltda.', '3301234567', 'Cra. 18 No. 10-77, Pueblo Viejo'),
(33, 'Proveedores del Agro', '3312345678', 'Km 1, Vía La Esperanza'),
(34, 'AgroRápido S.A.S.', '3323456789', 'Centro de Distribución Agro, Local 7'),
(35, 'CampoFértil Ltda.', '3334567890', 'Cl. 42 No. 7-18, Barrio Abastos'),
(36, 'Agrovisión Ltda.', '3345678901', 'Carrera 13A No. 56-33'),
(37, 'AgroInsumos Express', '3356789012', 'Zona Comercial Agropecuaria, Local 9'),
(39, 'RuralTec Colombia', '3367890123', 'Bodega 2, Sector de Maquinaria'),
(40, 'Fertibio Ltda.', '3378901234', 'Cl. 10 No. 45-28, B. Los Olivos'),
(41, 'Insumos Agrícolas Las Lomas', '3389012345', 'Vereda Las Lomas, Entrada 2'),
(42, 'Distribuciones El Sembrador', '3390123456', 'Cra. 12 No. 21-90'),
(43, 'AgroPlus S.A.S.', '3401234567', 'Av. Principal, Módulo 11, Bodega 4'),
(44, 'ProAgro Norte', '3412345678', 'Carrera 21 No. 9-60'),
(45, 'CampoFácil Ltda.', '3423456789', 'Zona Rural Km 8, Vía Occidental'),
(46, 'Agrosurtiendas Ltda.', '3434567890', 'Diagonal 12 #30-50, Parque Agro'),
(48, 'Verde y Más SAS', '3445678901', 'Vereda San Rafael, Lote 2'),
(49, 'AgroMundo SAS', '3456789012', 'Carrera 14 No. 65-89, Plaza Agro'),
(50, 'Campo Integral S.A.', '3467890123', 'Calle 77 No. 10-12, Agrocenter');



INSERT INTO PRODUCTO (ID_Producto, Nombre, Tipo, Precio_unitario, ID_Proveedor) VALUES
(1, 'Tomate', 'Verdura', 1500.00, 12),
(2, 'Cebolla', 'Verdura', 1200.00, 22),
(3, 'Papa', 'Verdura', 1000.00, 38),
(4, 'Zanahoria', 'Verdura', 1300.00, 47),
(5, 'Lechuga', 'Verdura', 1100.00, 1),
(6, 'Ajo', 'Condimento', 2000.00, 2),
(7, 'Maíz', 'Grano', 1800.00, 3),
(8, 'Frijol', 'Grano', 2500.00, 4),
(9, 'Lentejas', 'Grano', 2400.00, 1000),
(10, 'Arroz', 'Grano', 2200.00, 211),
(11, 'Manzana', 'Fruta', 3000.00, 311),
(12, 'Pera', 'Fruta', 2800.00, 411),
(13, 'Banano', 'Fruta', 900.00, 5),
(14, 'Piña', 'Fruta', 2500.00, 6),
(15, 'Mango', 'Fruta', 2700.00, 7),
(16, 'Naranja', 'Fruta', 1600.00, 8),
(17, 'Mandarina', 'Fruta', 1500.00, 9),
(18, 'Limón', 'Fruta', 1400.00, 10),
(19, 'Cilantro', 'Hierba', 700.00, 11),
(20, 'Pimentón', 'Verdura', 1900.00, 13),
(21, 'Pepino', 'Verdura', 1300.00, 14),
(22, 'Calabacín', 'Verdura', 1500.00, 15),
(23, 'Brócoli', 'Verdura', 2100.00, 16),
(24, 'Coliflor', 'Verdura', 2000.00, 17),
(25, 'Repollo', 'Verdura', 1800.00, 18),
(26, 'Apio', 'Verdura', 1600.00, 19),
(27, 'Yuca', 'Raíz', 1700.00, 20),
(28, 'Plátano', 'Fruta', 1200.00, 21),
(29, 'Coco', 'Fruta', 3000.00, 23),
(30, 'Melón', 'Fruta', 2800.00, 24),
(31, 'Sandía', 'Fruta', 2900.00, 25),
(32, 'Maracuyá', 'Fruta', 2400.00, 26),
(33, 'Guayaba', 'Fruta', 2300.00, 27),
(34, 'Durazno', 'Fruta', 3100.00, 28),
(35, 'Acelga', 'Verdura', 1500.00, 29),
(36, 'Espinaca', 'Verdura', 1300.00, 30),
(37, 'Remolacha', 'Verdura', 1700.00, 31),
(38, 'Rábano', 'Verdura', 1400.00, 32),
(39, 'Chayote', 'Verdura', 1900.00, 33),
(40, 'Ocumo', 'Raíz', 2100.00, 34),
(41, 'Ñame', 'Raíz', 2000.00, 35),
(42, 'Ahuyama', 'Verdura', 1800.00, 36),
(43, 'Mora', 'Fruta', 2200.00, 37),
(44, 'Uva', 'Fruta', 2600.00, 39),
(45, 'Fresa', 'Fruta', 2700.00, 40),
(46, 'Cereza', 'Fruta', 3200.00, 41),
(47, 'Almendra', 'Semilla', 3500.00, 42),
(48, 'Nuez', 'Semilla', 3400.00, 43),
(49, 'Avellana', 'Semilla', 3300.00, 44),
(50, 'Cacao', 'Semilla', 3000.00, 45);

INSERT INTO PRECIO_PRODUCTO (ID_Precio, ID_Producto, Fecha, Costo_Unitario)
VALUES
(1, 1, '2024-01-15', 8500.00),
(2, 2, '2024-02-10', 8900.00),
(3, 3, '2024-03-05', 9300.00),
(4, 4, '2024-03-20', 9700.00),
(5, 5, '2024-04-10', 10100.00),
(6, 6, '2024-04-25', 10500.00),
(7, 7, '2024-05-01', 10900.00),
(8, 8, '2024-05-15', 11300.00),
(9, 9, '2024-06-01', 11700.00),
(10, 10, '2024-06-20', 12100.00),
(11, 11, '2024-07-05', 12500.00),
(12, 12, '2024-07-18', 12900.00),
(13, 13, '2024-08-02', 13300.00),
(14, 14, '2024-08-15', 13700.00),
(15, 15, '2024-09-01', 14100.00),
(16, 16, '2024-09-20', 14500.00),
(17, 17, '2024-10-03', 14900.00),
(18, 18, '2024-10-18', 15300.00),
(19, 19, '2024-11-02', 15700.00),
(20, 20, '2024-11-17', 16100.00),
(21, 21, '2024-12-01', 16500.00),
(22, 22, '2024-12-15', 16900.00),
(23, 23, '2025-01-01', 17300.00),
(24, 24, '2025-01-16', 17700.00),
(25, 25, '2025-02-01', 18100.00),
(26, 26, '2025-02-15', 18500.00),
(27, 27, '2025-03-01', 18900.00),
(28, 28, '2025-03-16', 19300.00),
(29, 29, '2025-04-01', 19700.00),
(30, 30, '2025-04-15', 20100.00),
(31, 31, '2025-05-01', 20500.00),
(32, 32, '2025-05-16', 20900.00),
(33, 33, '2025-06-01', 21300.00),
(34, 34, '2025-06-15', 21700.00),
(35, 35, '2025-07-01', 22100.00),
(36, 36, '2025-07-16', 22500.00),
(37, 37, '2025-08-01', 22900.00),
(38, 38, '2025-08-06', 23300.00),
(39, 39, '2025-08-06', 23700.00),
(40, 40, '2025-08-06', 24100.00),
(41, 41, '2025-08-06', 24500.00),
(42, 42, '2025-08-06', 24900.00),
(43, 43, '2025-08-06', 25300.00),
(44, 44, '2025-08-06', 25700.00),
(45, 45, '2025-08-06', 26100.00),
(46, 46, '2025-08-06', 26500.00),
(47, 47, '2025-08-06', 26900.00),
(48, 48, '2025-08-06', 27300.00),
(49, 49, '2025-08-06', 27700.00),
(50, 50, '2025-08-06', 28100.00);



INSERT INTO BODEGA (ID_Bodega, Nombre, Ubicacion)
VALUES
(1, 'Bodega Central Norte', 'Zona Industrial Norte'),
(2, 'Bodega Agrícola 1', 'Km 3, Vía a la Finca'),
(3, 'Depósito Sur', 'Sector Sur, Calle 18 #10-25'),
(4, 'Almacén Principal', 'Carrera 7 #45-60, Centro'),
(501, 'Bodega Fertilizantes', 'Zona Agroindustrial, Lote 8'),
(60, 'Centro Logístico El Campo', 'Vereda El Roble, Km 2'),
(70, 'Bodega de Herramientas', 'Carrera 12 No. 33-55, Parque Industrial'),
(80, 'Depósito Semillas', 'Km 1.5, Vía al Valle'),
(90, 'Bodega Insumos A', 'Cl. 22 #17-80, Sector Abastos'),
(100, 'Centro Agro Andino', 'Transversal 9 #11-90'),
(110, 'Bodega 11', 'Parque Agropecuario, Módulo 4'),
(120, 'Bodega de Empaques', 'Zona Franca Agro, Bodega 2'),
(130, 'Depósito de Maquinaria', 'Calle 14 No. 22-33'),
(140, 'Bodega Suplementos', 'Vereda La Esperanza, Entrada 1'),
(150, 'Centro de Distribución Llanos', 'Cra 9 #10-50'),
(160, 'Bodega Regional 1', 'Barrio Santa Marta, Sector 5'),
(170, 'Bodega Norte 2', 'Km 5, Vía Panamericana'),
(180, 'Bodega FincaFácil', 'Zona Rural, Parcela 3'),
(190, 'Almacén Río Verde', 'Carrera 23 No. 67-12'),
(200, 'Bodega El Cafetal', 'Vereda El Cafetal, Entrada 7'),
(210, 'Bodega del Valle', 'Av. Principal #12-60'),
(220, 'Depósito de Abonos', 'Carrera 18 #23-44, Zona 2'),
(230, 'Bodega Centro Sur', 'Cl. 50 No. 14-17'),
(240, 'Almacén de Agroquímicos', 'Zona 3, Parque Agro'),
(250, 'Bodega 25', 'Carrera 15 No. 20-11'),
(260, 'Centro Agro Verde', 'Vereda San Miguel, Lote 6'),
(270, 'Bodega Santa Lucía', 'Km 4, Ruta 12'),
(280, 'Bodega Insumos Express', 'Zona Industrial, Local 7'),
(290, 'Depósito Central', 'Carrera 17 #12-13'),
(300, 'Bodega Altamira', 'Vereda Altamira, Sector A'),
(310, 'Bodega Monte Verde', 'Cra. 8 No. 15-77'),
(320, 'Centro Agro Alimentos', 'Transv. 21 #19-60'),
(330, 'Bodega Sur 33', 'Sector Sur, Lote 3'),
(340, 'Bodega Norte 34', 'Vía Secundaria Km 2'),
(350, 'Depósito de Herramientas', 'Cra. 10 No. 22-22'),
(360, 'Almacén 36', 'Zona Centro, Parque Agropecuario'),
(370, 'Bodega Insumos Sur', 'Vía al Llano, Km 8'),
(380, 'Centro de Acopio', 'Cra. 7 No. 33-15'),
(390, 'Bodega 39', 'Carrera 16 No. 10-77'),
(400, 'Bodega AgroPlus', 'Sector Agroindustrial, Módulo 5'),
(410, 'Depósito del Caribe', 'Av. del Mar No. 45-90'),
(420, 'Bodega Las Lomas', 'Vereda Las Lomas, Entrada 2'),
(430, 'Centro Agro Rápido', 'Calle 11 No. 32-10'),
(440, 'Almacén Principal 2', 'Zona Sur, Parque Agro'),
(450, 'Bodega 45', 'Carrera 27 No. 19-18'),
(460, 'Bodega Río Claro', 'Vereda Río Claro, Parcela 9'),
(470, 'Centro Agro Rural', 'Cra. 5 #9-88'),
(480, 'Bodega EcoAgro', 'Km 2.5, Vía Agrocenter'),
(490, 'Bodega Semillas Norte', 'Cl. 20 #13-90'),
(500, 'Bodega Integral', 'Zona Logística Agro, Lote 1');

INSERT INTO INVENTARIO (ID_Inventario, ID_Producto, ID_Bodega, Cantidad, Fecha_Ultima_Actualizacion)
VALUES
(1, 1, 1, 150, '2025-08-01'),
(2, 2, 2, 200, '2025-08-01'),
(3, 3, 3, 300, '2025-08-01'),
(4, 4, 4, 180, '2025-08-01'),
(5, 5, 60, 160, '2025-08-01'),
(6, 6, 70, 140, '2025-08-01'),
(7, 7, 80, 120, '2025-08-01'),
(8, 8, 90, 100, '2025-08-01'),
(9, 9, 100, 200, '2025-08-01'),
(10, 10, 110, 250, '2025-08-01'),
(11, 11, 120, 260, '2025-08-01'),
(12, 12, 130, 140, '2025-08-01'),
(13, 13, 140, 150, '2025-08-01'),
(14, 14, 150, 170, '2025-08-01'),
(15, 15, 160, 110, '2025-08-01'),
(16, 16, 170, 130, '2025-08-01'),
(17, 17, 180, 125, '2025-08-01'),
(18, 18, 190, 135, '2025-08-01'),
(19, 19, 200, 145, '2025-08-01'),
(20, 20, 210, 160, '2025-08-01'),
(21, 21, 220, 165, '2025-08-01'),
(22, 22, 230, 175, '2025-08-01'),
(23, 23, 240, 185, '2025-08-01'),
(24, 24, 250, 195, '2025-08-01'),
(25, 25, 260, 155, '2025-08-01'),
(26, 26, 270, 145, '2025-08-01'),
(27, 27, 280, 135, '2025-08-01'),
(28, 28, 290, 125, '2025-08-01'),
(29, 29, 300, 115, '2025-08-01'),
(30, 30, 310, 105, '2025-08-01'),
(31, 31, 320, 95, '2025-08-01'),
(32, 32, 330, 85, '2025-08-01'),
(33, 33, 340, 75, '2025-08-01'),
(34, 34, 350, 65, '2025-08-01'),
(35, 35, 360, 55, '2025-08-01'),
(36, 36, 370, 45, '2025-08-01'),
(37, 37, 380, 35, '2025-08-01'),
(38, 38, 390, 25, '2025-08-01'),
(39, 39, 400, 15, '2025-08-01'),
(40, 40, 410, 10, '2025-08-01'),
(41, 41, 420, 90, '2025-08-01'),
(42, 42, 430, 80, '2025-08-01'),
(43, 43, 440, 70, '2025-08-01'),
(44, 44, 450, 60, '2025-08-01'),
(45, 45, 460, 50, '2025-08-01'),
(46, 46, 470, 40, '2025-08-01'),
(47, 47, 480, 30, '2025-08-01'),
(48, 48, 490, 20, '2025-08-01'),
(49, 49, 500, 10, '2025-08-01'),
(50, 50, 501, 5, '2025-08-01');


INSERT INTO COMPRAS (ID_Compra, ID_Proveedor, Fecha_Compra)
VALUES
(10, 1, '2025-08-01 09:00:00'),
(20, 2, '2025-08-01 10:15:00'),
(30, 3, '2025-08-01 11:30:00'),
(40, 4, '2025-08-01 12:45:00'),
(50, 5, '2025-08-01 14:00:00'),
(60, 6, '2025-08-01 15:10:00'),
(70, 7, '2025-08-01 16:25:00'),
(80, 8, '2025-08-01 17:40:00'),
(90, 9, '2025-08-02 08:30:00'),
(100, 10, '2025-08-02 09:45:00'),
(110, 11, '2025-08-02 11:00:00'),
(120, 12, '2025-08-02 12:15:00'),
(130, 13, '2025-08-02 13:30:00'),
(140, 14, '2025-08-02 14:45:00'),
(150, 15, '2025-08-02 16:00:00'),
(160, 16, '2025-08-02 17:15:00'),
(170, 17, '2025-08-03 08:00:00'),
(180, 18, '2025-08-03 09:10:00'),
(190, 19, '2025-08-03 10:20:00'),
(200, 20, '2025-08-03 11:30:00'),
(210, 21, '2025-08-03 12:40:00'),
(220, 22, '2025-08-03 13:50:00'),
(230, 23, '2025-08-03 15:00:00'),
(240, 24, '2025-08-03 16:10:00'),
(250, 25, '2025-08-03 17:20:00'),
(260, 26, '2025-08-04 08:30:00'),
(270, 27, '2025-08-04 09:40:00'),
(280, 28, '2025-08-04 10:50:00'),
(290, 29, '2025-08-04 12:00:00'),
(300, 30, '2025-08-04 13:10:00'),
(310, 31, '2025-08-04 14:20:00'),
(320, 32, '2025-08-04 15:30:00'),
(330, 33, '2025-08-04 16:40:00'),
(340, 34, '2025-08-04 17:50:00'),
(350, 35, '2025-08-05 08:00:00'),
(360, 36, '2025-08-05 09:15:00'),
(370, 37, '2025-08-05 10:30:00'),
(380, 38, '2025-08-05 11:45:00'),
(390, 39, '2025-08-05 13:00:00'),
(400, 40, '2025-08-05 14:15:00'),
(410, 41, '2025-08-05 15:30:00'),
(420, 42, '2025-08-05 16:45:00'),
(430, 43, '2025-08-05 18:00:00'),
(440, 44, '2025-08-06 08:20:00'),
(450, 45, '2025-08-06 09:40:00'),
(460, 46, '2025-08-06 11:00:00'),
(470, 47, '2025-08-06 12:20:00'),
(480, 48, '2025-08-06 13:40:00'),
(490, 49, '2025-08-06 15:00:00'),
(500, 50, '2025-08-06 16:20:00');

INSERT INTO DETALLES_COMPRA (ID_Detalle_Compra, ID_Compra, ID_Producto, Cantidad, Costo_Unitario) VALUES
(1, 10, 1, 10, 15000.00),
(2, 20, 2, 15, 18000.50),
(3, 30, 3, 8, 9500.75),
(4, 40, 4, 12, 13200.00),
(5, 50, 5, 20, 11000.25),
(6, 60, 6, 25, 17500.00),
(7, 70, 7, 30, 9000.00),
(8, 80, 8, 18, 20000.75),
(9, 90, 9, 22, 14500.50),
(10, 100, 10, 14, 12500.00),
(11, 110, 11, 10, 16000.00),
(12, 120, 12, 15, 19500.25),
(13, 130, 13, 9, 8700.00),
(14, 140, 14, 16, 10200.75),
(15, 150, 15, 21, 13800.00),
(16, 160, 16, 28, 9900.25),
(17, 170, 17, 24, 16700.00),
(18, 180, 18, 12, 9400.50),
(19, 190, 19, 19, 12100.00),
(20, 200, 20, 22, 13000.75),
(21, 210, 21, 17, 15400.00),
(22, 220, 22, 26, 18500.00),
(23, 230, 23, 18, 10900.50),
(24, 240, 24, 13, 9100.00),
(25, 250, 25, 20, 11200.75),
(26, 260, 26, 11, 9700.00),
(27, 270, 27, 14, 9800.00),
(28, 280, 28, 23, 14700.25),
(29, 290, 29, 16, 11800.00),
(30, 300, 30, 30, 16500.00),
(31, 310, 31, 10, 15500.75),
(32, 320, 32, 12, 10600.50),
(33, 330, 33, 25, 17200.00),
(34, 340, 34, 29, 18900.00),
(35, 350, 35, 21, 9900.25),
(36, 360, 36, 27, 10400.75),
(37, 370, 37, 15, 12000.00),
(38, 380, 38, 17, 12300.50),
(39, 390, 39, 19, 14500.00),
(40, 400, 40, 13, 11100.00),
(41, 410, 41, 18, 13200.00),
(42, 420, 42, 16, 12700.25),
(43, 430, 43, 24, 14200.75),
(44, 440, 44, 22, 13900.00),
(45, 450, 45, 20, 9700.00),
(46, 460, 46, 26, 16600.00),
(47, 470, 47, 23, 18800.00),
(48, 480, 48, 11, 10100.00),
(49, 490, 49, 14, 9300.50),
(50, 500, 50, 19, 15000.00);

INSERT INTO DEPARTAMENTO (ID_Departamento, Nombre) VALUES
(1, 'Administración Agropecuaria'),
(2, 'Producción de Cultivos'),
(3, 'Manejo de Suelos'),
(4, 'Fertirrigación'),
(5, 'Control de Plagas'),
(6, 'Invernaderos'),
(7, 'Cosecha'),
(8, 'Postcosecha'),
(9, 'Comercialización Agrícola'),
(10, 'Mantenimiento de Maquinaria'),
(11, 'Logística y Transporte'),
(12, 'Investigación Agronómica'),
(13, 'Calidad y Certificaciones'),
(14, 'Sanidad Vegetal'),
(15, 'Semillas y Germoplasma'),
(16, 'Riego y Drenaje'),
(17, 'Agroindustria'),
(18, 'Nutrición Vegetal'),
(19, 'Seguridad y Salud en el Campo'),
(20, 'Empaque y Embalaje'),
(21, 'Almacén de Insumos'),
(22, 'Compras Agropecuarias'),
(23, 'Finanzas Rurales'),
(24, 'RRHH Agrícola'),
(25, 'Trazabilidad de Producción'),
(26, 'Planificación Agrícola'),
(27, 'Tecnología Agrícola'),
(28, 'Gestión Ambiental'),
(29, 'Producción Orgánica'),
(30, 'Supervisión de Cuadrillas'),
(31, 'Agroexportación'),
(32, 'Control de Inventarios de Insumos'),
(33, 'Consultoría Técnica'),
(34, 'Gestión de Proyectos Rurales'),
(35, 'Relaciones Comunitarias'),
(36, 'Infraestructura Rural'),
(37, 'Control Climático'),
(38, 'Manejo de Residuos Agrícolas'),
(39, 'Soporte Técnico Agro'),
(40, 'Capacitación y Extensión Agraria'),
(41, 'Manejo Integrado de Cultivos'),
(42, 'Monitoreo Satelital'),
(43, 'Evaluación de Rendimientos'),
(44, 'Gestión de Recursos Hídricos'),
(45, 'Biotecnología Agrícola'),
(46, 'Apicultura'),
(47, 'Producción de Forraje'),
(48, 'Manejo Forestal'),
(49, 'Agrometeorología'),
(50, 'Control Biológico');


INSERT INTO EMPLEADO (ID_Empleado, Nombre, Apellido, Cargo, Salario, Fecha_Contratacion, ID_Departamento) VALUES
(1, 'Carlos', 'Martínez', 'Gerente General', 5200000.00, '2020-01-10', 1),
(2, 'Laura', 'Gómez', 'Ingeniera Agrónoma', 4100000.00, '2021-02-15', 2),
(3, 'Julián', 'Pérez', 'Especialista en Suelos', 3500000.00, '2022-03-12', 3),
(4, 'Andrea', 'Ramírez', 'Técnica en Fertirrigación', 2800000.00, '2023-01-18', 4),
(5, 'Luis', 'Castaño', 'Controlador de Plagas', 2900000.00, '2023-04-01', 5),
(6, 'Mariana', 'Torres', 'Encargada de Invernadero', 2700000.00, '2022-06-10', 6),
(7, 'Diego', 'Salazar', 'Supervisor de Cosecha', 3000000.00, '2021-10-05', 7),
(8, 'Camila', 'Pineda', 'Auxiliar de Postcosecha', 2400000.00, '2022-09-08', 8),
(9, 'Fernando', 'Ríos', 'Jefe Comercial', 4000000.00, '2020-07-11', 9),
(10, 'Sofía', 'García', 'Mecánico Agrícola', 2600000.00, '2023-02-20', 10),
(11, 'Daniel', 'Orozco', 'Coordinador Logístico', 3500000.00, '2022-05-05', 11),
(12, 'Paula', 'Hernández', 'Investigadora Agronómica', 3700000.00, '2021-11-01', 12),
(13, 'Miguel', 'Vargas', 'Inspector de Calidad', 3300000.00, '2023-03-15', 13),
(14, 'Sara', 'López', 'Técnica en Sanidad', 2800000.00, '2023-06-25', 14),
(15, 'Iván', 'Castillo', 'Especialista en Semillas', 3100000.00, '2022-04-30', 15),
(16, 'Natalia', 'Morales', 'Técnica en Riego', 2900000.00, '2023-07-07', 16),
(17, 'Sebastián', 'Restrepo', 'Encargado Agroindustria', 3400000.00, '2021-01-12', 17),
(18, 'Valentina', 'Quintero', 'Nutricionista Vegetal', 3000000.00, '2022-08-14', 18),
(19, 'Andrés', 'Tobar', 'Coordinador de Seguridad', 3100000.00, '2023-09-01', 19),
(20, 'Mónica', 'Jaramillo', 'Empacadora', 2200000.00, '2022-10-20', 20),
(21, 'Jorge', 'Guzmán', 'Encargado de Almacén', 2500000.00, '2020-03-05', 21),
(22, 'Diana', 'Zapata', 'Compradora Agrícola', 3600000.00, '2021-12-12', 22),
(23, 'Esteban', 'Mejía', 'Analista Financiero', 3900000.00, '2020-08-09', 23),
(24, 'Tatiana', 'Londoño', 'Jefe de RRHH', 4000000.00, '2022-01-04', 24),
(25, 'Cristian', 'Ruiz', 'Encargado de Trazabilidad', 3100000.00, '2023-02-22', 25),
(26, 'Daniela', 'Galeano', 'Planificadora Agrícola', 3500000.00, '2021-03-17', 26),
(27, 'Óscar', 'Navarro', 'Tecnólogo Agrícola', 3000000.00, '2022-11-30', 27),
(28, 'Eliana', 'Uribe', 'Gestora Ambiental', 3300000.00, '2020-12-08', 28),
(29, 'Camilo', 'Acevedo', 'Supervisor de Cultivos Orgánicos', 3200000.00, '2022-02-28', 29),
(30, 'Carolina', 'Nieto', 'Encargada de Cuadrillas', 3100000.00, '2023-04-10', 30),
(31, 'Kevin', 'Jiménez', 'Especialista en Exportación', 3700000.00, '2021-07-22', 31),
(32, 'Marcela', 'Montoya', 'Inventarista', 2800000.00, '2023-05-19', 32),
(33, 'Mauricio', 'Buitrago', 'Consultor Técnico', 3500000.00, '2021-06-13', 33),
(34, 'Angie', 'Espinosa', 'Gestora de Proyectos', 3800000.00, '2022-03-03', 34),
(35, 'Jhonatan', 'Duque', 'Encargado de Relaciones', 3000000.00, '2020-09-01', 35),
(36, 'Manuela', 'Peña', 'Ingeniera Civil Rural', 3700000.00, '2021-05-07', 36),
(37, 'Raúl', 'Sánchez', 'Operador Climático', 2900000.00, '2023-01-16', 37),
(38, 'Liliana', 'Perdomo', 'Encargada de Residuos', 2700000.00, '2023-08-18', 38),
(39, 'Álvaro', 'Campos', 'Soporte Técnico', 3200000.00, '2021-04-25', 39),
(40, 'Isabel', 'Mendoza', 'Capacitadora Rural', 3000000.00, '2022-06-12', 40),
(41, 'Nelson', 'Villa', 'Coordinador de MIC', 3400000.00, '2020-11-04', 41),
(42, 'Patricia', 'Fajardo', 'Analista Satelital', 3100000.00, '2023-10-09', 42),
(43, 'Edwin', 'Correa', 'Evaluador de Producción', 3000000.00, '2022-09-27', 43),
(44, 'María José', 'Herrera', 'Gestora de Riego', 3300000.00, '2021-08-30', 44),
(45, 'Freddy', 'Valencia', 'Biotecnólogo', 3700000.00, '2020-06-02', 45),
(46, 'Yulieth', 'Palacios', 'Técnica Apícola', 2900000.00, '2022-07-20', 46),
(47, 'Gustavo', 'Vélez', 'Productor de Forraje', 3000000.00, '2023-02-06', 47),
(48, 'Verónica', 'Cardona', 'Supervisora Forestal', 3100000.00, '2021-10-15', 48),
(49, 'Jonathan', 'Tello', 'Meteorólogo', 3200000.00, '2022-04-22', 49),
(50, 'Melisa', 'Bermúdez', 'Controladora Biológica', 3000000.00, '2023-07-01', 50);


INSERT INTO MAQUINARIA (ID_Maquinaria, Nombre, Modelo, Estado, Fecha_Adquisicion, Horas_Uso) VALUES
(1, 'Tractor John Deere', 'JD-5075E', 'Operativa', '2020-03-15', 1200),
(2, 'Cosechadora New Holland', 'CR7.90', 'Operativa', '2021-07-10', 980),
(3, 'Sembradora Amazone', 'EDX 6000', 'Mantenimiento', '2019-11-20', 1500),
(4, 'Pulverizadora Jacto', 'Advance 3000', 'Operativa', '2022-01-05', 620),
(5, 'Arado de Discos', 'Disco-14', 'Operativa', '2023-06-18', 300),
(6, 'Rotocultivador', 'RCV-180', 'Operativa', '2020-09-12', 1120),
(7, 'Tractor Massey Ferguson', 'MF-4707', 'Reparación', '2018-05-27', 1890),
(8, 'Empacadora Claas', 'Rollant 455', 'Operativa', '2021-02-17', 750),
(9, 'Sistema de Riego', 'Irritec-Pro', 'Operativa', '2022-04-09', 400),
(10, 'Trituradora de Ramas', 'TR-2400', 'Mantenimiento', '2020-08-01', 890),
(11, 'Transplantadora', 'TRN-200', 'Operativa', '2023-03-13', 210),
(12, 'Fumigadora Motorizada', 'FUM-500', 'Operativa', '2021-09-22', 530),
(13, 'Desmalezadora', 'DMZ-3X', 'Reparación', '2019-07-15', 1670),
(14, 'Cultivador de Cuchillas', 'CULT-10', 'Operativa', '2020-06-05', 980),
(15, 'Excavadora Agrícola', 'EXA-100', 'Operativa', '2022-02-10', 430),
(16, 'Hidrolavadora', 'HD-300', 'Operativa', '2021-12-01', 150),
(17, 'Cosechadora Manual', 'CM-24', 'Operativa', '2023-07-02', 180),
(18, 'Tractor Kubota', 'M7040', 'Mantenimiento', '2020-10-23', 1340),
(19, 'Pala Frontal', 'PF-220', 'Operativa', '2019-03-14', 1100),
(20, 'Rastra de Dientes', 'RAS-17', 'Operativa', '2022-05-07', 300),
(21, 'Sistema GPS Agrícola', 'AgriGPS-X', 'Operativa', '2023-01-25', 50),
(22, 'Rolo Compactador', 'RC-5000', 'Operativa', '2021-06-18', 600),
(23, 'Picaradora de Forraje', 'PF-350', 'Reparación', '2019-08-12', 1450),
(24, 'Remolque Agrícola', 'REM-800', 'Operativa', '2020-04-03', 870),
(25, 'Camión de Carga', 'Isuzu-NKR', 'Operativa', '2022-11-15', 920),
(26, 'Túnel de Secado', 'TDS-400', 'Operativa', '2021-03-08', 400),
(27, 'Tractor Case IH', 'Farmall 80A', 'Operativa', '2022-08-19', 510),
(28, 'Cosechadora de Papa', 'CP-900', 'Operativa', '2023-02-26', 220),
(29, 'Inyectadora de Fertilizantes', 'INF-350', 'Operativa', '2020-07-01', 790),
(30, 'Fumigadora Dron', 'DJI Agras T30', 'Operativa', '2023-06-09', 130),
(31, 'Módulo de Compostaje', 'COMP-100', 'Operativa', '2022-10-11', 100),
(32, 'Trituradora de Heno', 'HEN-240', 'Operativa', '2020-05-16', 1010),
(33, 'Sistema de Fertirriego', 'FERTI-MAX', 'Mantenimiento', '2021-08-25', 580),
(34, 'Poda de Altura', 'PDA-500', 'Operativa', '2023-04-14', 190),
(35, 'Cosechadora de Frutas', 'CFR-300', 'Operativa', '2021-11-06', 640),
(36, 'Tractor Valtra', 'A950', 'Operativa', '2022-01-03', 720),
(37, 'Empacadora Manual', 'EMP-MAN', 'Operativa', '2020-09-30', 860),
(38, 'Secadora de Granos', 'SEC-70', 'Operativa', '2023-01-10', 250),
(39, 'Cultivadora Rotativa', 'CULT-ROT', 'Operativa', '2021-07-21', 540),
(40, 'Transportador de Cosecha', 'TCO-800', 'Operativa', '2022-12-12', 410),
(41, 'Sembradora Manual', 'S-MANUAL', 'Operativa', '2023-03-28', 95),
(42, 'Tractor John Deere', 'JD-5082E', 'Operativa', '2021-04-04', 1170),
(43, 'Arado Reversible', 'AR-600', 'Operativa', '2022-06-02', 370),
(44, 'Desgranadora de Maíz', 'DM-300', 'Operativa', '2020-02-14', 990),
(45, 'Extractor de Semillas', 'EXS-500', 'Mantenimiento', '2021-10-19', 670),
(46, 'Tractor New Holland', 'TT75', 'Operativa', '2022-09-10', 610),
(47, 'Fumigadora a Batería', 'FUM-BAT', 'Operativa', '2023-05-03', 160),
(48, 'Cosechadora de Café', 'CAF-450', 'Operativa', '2020-12-20', 880),
(49, 'Elevador de Granos', 'EGR-1000', 'Operativa', '2021-05-09', 720),
(50, 'Rastrillo Hilerador', 'RH-90', 'Operativa', '2023-07-01', 210);


INSERT INTO PRODUCCION (ID_Produccion, ID_Producto, Cantidad_Producida, Fecha_Cosecha, ID_Empleado, ID_Maquinaria) VALUES
(1, 1, 1200, '2025-01-15', 10, 2),
(2, 2, 980, '2025-01-18', 15, 5),
(3, 3, 1500, '2025-01-20', 8, 1),
(4, 4, 620, '2025-01-23', 21, 12),
(5, 5, 300, '2025-01-26', 17, 4),
(6, 6, 1120, '2025-01-29', 22, 6),
(7, 7, 1890, '2025-02-01', 11, 3),
(8, 8, 750, '2025-02-03', 5, 8),
(9, 9, 400, '2025-02-06', 33, 9),
(10, 10, 890, '2025-02-09', 19, 10),
(11, 11, 210, '2025-02-11', 2, 11),
(12, 12, 530, '2025-02-13', 23, 12),
(13, 13, 1670, '2025-02-15', 29, 13),
(14, 14, 980, '2025-02-18', 18, 14),
(15, 15, 430, '2025-02-21', 6, 15),
(16, 16, 150, '2025-02-24', 25, 16),
(17, 17, 180, '2025-02-26', 7, 17),
(18, 18, 1340, '2025-02-28', 13, 18),
(19, 19, 1100, '2025-03-02', 24, 19),
(20, 20, 300, '2025-03-05', 26, 20),
(21, 21, 50, '2025-03-07', 30, 21),
(22, 22, 600, '2025-03-10', 3, 22),
(23, 23, 1450, '2025-03-12', 31, 23),
(24, 24, 870, '2025-03-15', 14, 24),
(25, 25, 920, '2025-03-17', 34, 25),
(26, 26, 400, '2025-03-19', 28, 26),
(27, 27, 510, '2025-03-21', 27, 27),
(28, 28, 220, '2025-03-23', 32, 28),
(29, 29, 790, '2025-03-25', 1, 29),
(30, 30, 130, '2025-03-27', 35, 30),
(31, 31, 100, '2025-03-29', 9, 31),
(32, 32, 1010, '2025-04-01', 36, 32),
(33, 33, 580, '2025-04-03', 4, 33),
(34, 34, 190, '2025-04-05', 37, 34),
(35, 35, 640, '2025-04-07', 12, 35),
(36, 36, 720, '2025-04-09', 20, 36),
(37, 37, 860, '2025-04-11', 38, 37),
(38, 38, 250, '2025-04-13', 16, 38),
(39, 39, 540, '2025-04-15', 40, 39),
(40, 40, 410, '2025-04-17', 39, 40),
(41, 41, 95, '2025-04-19', 41, 41),
(42, 42, 1170, '2025-04-21', 42, 42),
(43, 43, 370, '2025-04-23', 43, 43),
(44, 44, 990, '2025-04-25', 44, 44),
(45, 45, 670, '2025-04-27', 45, 45),
(46, 46, 610, '2025-04-29', 46, 46),
(47, 47, 160, '2025-05-01', 47, 47),
(48, 48, 880, '2025-05-03', 48, 48),
(49, 49, 720, '2025-05-05', 49, 49),
(50, 50, 210, '2025-05-07', 50, 50);

INSERT INTO MANTENIMIENTO (ID_Mantenimiento, ID_Maquinaria, Fecha, Descripcion, Costo) VALUES
(1, 1, '2025-01-05', 'Cambio de aceite y filtro', 150.00),
(2, 2, '2025-01-08', 'Revisión de sistema hidráulico', 220.50),
(3, 3, '2025-01-10', 'Reemplazo de correas desgastadas', 180.00),
(4, 4, '2025-01-13', 'Lubricación de ejes', 90.00),
(5, 5, '2025-01-16', 'Ajuste de frenos', 130.00),
(6, 6, '2025-01-18', 'Mantenimiento preventivo completo', 300.00),
(7, 7, '2025-01-20', 'Limpieza de inyectores', 145.00),
(8, 8, '2025-01-23', 'Cambio de batería', 200.00),
(9, 9, '2025-01-26', 'Alineación de ruedas', 110.00),
(10, 10, '2025-01-28', 'Revisión de transmisión', 250.00),
(11, 11, '2025-01-30', 'Cambio de filtro de aire', 80.00),
(12, 12, '2025-02-02', 'Revisión de motor', 275.00),
(13, 13, '2025-02-04', 'Cambio de luces delanteras', 60.00),
(14, 14, '2025-02-06', 'Soldadura de soporte', 95.00),
(15, 15, '2025-02-08', 'Limpieza general y revisión', 120.00),
(16, 16, '2025-02-10', 'Revisión del sistema eléctrico', 215.00),
(17, 17, '2025-02-12', 'Ajuste de cadena de tracción', 105.00),
(18, 18, '2025-02-15', 'Reemplazo de neumáticos', 400.00),
(19, 19, '2025-02-18', 'Inspección de válvulas', 190.00),
(20, 20, '2025-02-20', 'Cambio de bujías', 85.00),
(21, 21, '2025-02-22', 'Revisión general', 250.00),
(22, 22, '2025-02-25', 'Cambio de aceite hidráulico', 170.00),
(23, 23, '2025-02-27', 'Revisión del radiador', 155.00),
(24, 24, '2025-03-01', 'Soldadura de bastidor', 100.00),
(25, 25, '2025-03-03', 'Cambio de pastillas de freno', 135.00),
(26, 26, '2025-03-05', 'Chequeo de presión de llantas', 45.00),
(27, 27, '2025-03-07', 'Limpieza de sistema de refrigeración', 125.00),
(28, 28, '2025-03-09', 'Calibración de sensores', 160.00),
(29, 29, '2025-03-11', 'Cambio de filtro de combustible', 95.00),
(30, 30, '2025-03-13', 'Revisión del sistema de escape', 150.00),
(31, 31, '2025-03-15', 'Reemplazo de cables eléctricos', 140.00),
(32, 32, '2025-03-17', 'Cambio de amortiguadores', 210.00),
(33, 33, '2025-03-19', 'Ajuste general de motor', 235.00),
(34, 34, '2025-03-21', 'Lubricación de componentes móviles', 85.00),
(35, 35, '2025-03-23', 'Inspección de bomba hidráulica', 195.00),
(36, 36, '2025-03-25', 'Revisión de panel de control', 180.00),
(37, 37, '2025-03-27', 'Cambio de válvulas', 175.00),
(38, 38, '2025-03-29', 'Reemplazo de alternador', 250.00),
(39, 39, '2025-03-31', 'Limpieza del carburador', 130.00),
(40, 40, '2025-04-02', 'Chequeo de mangueras', 70.00),
(41, 41, '2025-04-04', 'Revisión de poleas', 90.00),
(42, 42, '2025-04-06', 'Cambio de líquido refrigerante', 125.00),
(43, 43, '2025-04-08', 'Limpieza y calibración de motor', 200.00),
(44, 44, '2025-04-10', 'Mantenimiento estacional', 300.00),
(45, 45, '2025-04-12', 'Reemplazo de fusibles', 50.00),
(46, 46, '2025-04-14', 'Inspección visual completa', 95.00),
(47, 47, '2025-04-16', 'Ajuste de transmisión', 220.00),
(48, 48, '2025-04-18', 'Limpieza interna de maquinaria', 150.00),
(49, 49, '2025-04-20', 'Revisión de sensores térmicos', 180.00),
(50, 50, '2025-04-22', 'Mantenimiento anual completo', 400.00);


INSERT INTO DETALLES_VENTA (ID_Detalle_Venta, ID_Venta, ID_Producto, Cantidad, Precio_Por_Unidad)
VALUES
(1, 1, 10, 5, 25000.00),
(2, 2, 15, 3, 18000.00),
(3, 3, 22, 2, 30000.00),
(4, 4, 7, 4, 12000.00),
(5, 5, 11, 6, 27500.00),
(6, 6, 14, 1, 19500.00),
(7, 7, 3, 2, 9500.00),
(8, 8, 9, 5, 13000.00),
(9, 9, 8, 3, 16000.00),
(10, 10, 4, 4, 11000.00),
(11, 11, 18, 2, 20500.00),
(12, 12, 20, 5, 24500.00),
(13, 13, 2, 1, 8700.00),
(14, 14, 6, 3, 15200.00),
(15, 15, 13, 2, 18800.00),
(16, 16, 17, 4, 22000.00),
(17, 17, 5, 1, 9700.00),
(18, 18, 19, 2, 26500.00),
(19, 19, 12, 3, 19800.00),
(20, 20, 21, 4, 29000.00),
(21, 21, 1, 2, 8500.00),
(22, 22, 16, 5, 23000.00),
(23, 23, 24, 3, 31000.00),
(24, 24, 23, 1, 28000.00),
(25, 25, 25, 2, 32000.00),
(26, 26, 26, 3, 33000.00),
(27, 27, 27, 4, 34000.00),
(28, 28, 28, 2, 35000.00),
(29, 29, 29, 5, 36000.00),
(30, 30, 30, 3, 37000.00),
(31, 31, 31, 1, 38000.00),
(32, 32, 32, 2, 39000.00),
(33, 33, 33, 3, 40000.00),
(34, 34, 34, 4, 41000.00),
(35, 35, 35, 2, 42000.00),
(36, 36, 36, 3, 43000.00),
(37, 37, 37, 5, 44000.00),
(38, 38, 38, 1, 45000.00),
(39, 39, 39, 2, 46000.00),
(40, 40, 40, 3, 47000.00),
(41, 41, 41, 4, 48000.00),
(42, 42, 42, 2, 49000.00),
(43, 43, 43, 3, 50000.00),
(44, 44, 44, 1, 51000.00),
(45, 45, 45, 2, 52000.00),
(46, 46, 46, 3, 53000.00),
(47, 47, 47, 4, 54000.00),
(48, 48, 48, 5, 55000.00),
(49, 49, 49, 2, 56000.00),
(50, 50, 50, 3, 57000.00);
