
INSERT INTO BODEGA (ID_Bodega, Nombre, Ubicacion)
VALUES
(1, 'Bodega Central Norte', 'Zona Industrial Norte'),
(2, 'Bodega Agrícola 1', 'Km 3, Vía a la Finca'),
(3, 'Depósito Sur', 'Sector Sur, Calle 18 #10-25'),
(4, 'Almacén Principal', 'Carrera 7 #45-60, Centro'),
(501, 'Bodega Fertilizantes', 'Zona Agroindustrial, Lote 8'),
(60, 'Centro Logístico El Campo', 'Vereda El Roble, Km 2'),
(70, 'Bodega de Herramientas', 'Carrera 12 No. 33-55, Parque Industrial'),
(80, 'Depósito Semillas', 'Km 1.5, Vía al Valle'),
(90, 'Bodega Insumos A', 'Cl. 22 #17-80, Sector Abastos'),
(100, 'Centro Agro Andino', 'Transversal 9 #11-90'),
(110, 'Bodega 11', 'Parque Agropecuario, Módulo 4'),
(120, 'Bodega de Empaques', 'Zona Franca Agro, Bodega 2'),
(130, 'Depósito de Maquinaria', 'Calle 14 No. 22-33'),
(140, 'Bodega Suplementos', 'Vereda La Esperanza, Entrada 1'),
(150, 'Centro de Distribución Llanos', 'Cra 9 #10-50'),
(160, 'Bodega Regional 1', 'Barrio Santa Marta, Sector 5'),
(170, 'Bodega Norte 2', 'Km 5, Vía Panamericana'),
(180, 'Bodega FincaFácil', 'Zona Rural, Parcela 3'),
(190, 'Almacén Río Verde', 'Carrera 23 No. 67-12'),
(200, 'Bodega El Cafetal', 'Vereda El Cafetal, Entrada 7'),
(210, 'Bodega del Valle', 'Av. Principal #12-60'),
(220, 'Depósito de Abonos', 'Carrera 18 #23-44, Zona 2'),
(230, 'Bodega Centro Sur', 'Cl. 50 No. 14-17'),
(240, 'Almacén de Agroquímicos', 'Zona 3, Parque Agro'),
(250, 'Bodega 25', 'Carrera 15 No. 20-11'),
(260, 'Centro Agro Verde', 'Vereda San Miguel, Lote 6'),
(270, 'Bodega Santa Lucía', 'Km 4, Ruta 12'),
(280, 'Bodega Insumos Express', 'Zona Industrial, Local 7'),
(290, 'Depósito Central', 'Carrera 17 #12-13'),
(300, 'Bodega Altamira', 'Vereda Altamira, Sector A'),
(310, 'Bodega Monte Verde', 'Cra. 8 No. 15-77'),
(320, 'Centro Agro Alimentos', 'Transv. 21 #19-60'),
(330, 'Bodega Sur 33', 'Sector Sur, Lote 3'),
(340, 'Bodega Norte 34', 'Vía Secundaria Km 2'),
(350, 'Depósito de Herramientas', 'Cra. 10 No. 22-22'),
(360, 'Almacén 36', 'Zona Centro, Parque Agropecuario'),
(370, 'Bodega Insumos Sur', 'Vía al Llano, Km 8'),
(380, 'Centro de Acopio', 'Cra. 7 No. 33-15'),
(390, 'Bodega 39', 'Carrera 16 No. 10-77'),
(400, 'Bodega AgroPlus', 'Sector Agroindustrial, Módulo 5'),
(410, 'Depósito del Caribe', 'Av. del Mar No. 45-90'),
(420, 'Bodega Las Lomas', 'Vereda Las Lomas, Entrada 2'),
(430, 'Centro Agro Rápido', 'Calle 11 No. 32-10'),
(440, 'Almacén Principal 2', 'Zona Sur, Parque Agro'),
(450, 'Bodega 45', 'Carrera 27 No. 19-18'),
(460, 'Bodega Río Claro', 'Vereda Río Claro, Parcela 9'),
(470, 'Centro Agro Rural', 'Cra. 5 #9-88'),
(480, 'Bodega EcoAgro', 'Km 2.5, Vía Agrocenter'),
(490, 'Bodega Semillas Norte', 'Cl. 20 #13-90'),
(500, 'Bodega Integral', 'Zona Logística Agro, Lote 1');

INSERT INTO INVENTARIO (ID_Inventario, ID_Producto, ID_Bodega, Cantidad, Fecha_Ultima_Actualizacion)
VALUES
(1, 1, 1, 150, '2025-08-01'),
(2, 2, 2, 200, '2025-08-01'),
(3, 3, 3, 300, '2025-08-01'),
(4, 4, 4, 180, '2025-08-01'),
(5, 5, 60, 160, '2025-08-01'),
(6, 6, 70, 140, '2025-08-01'),
(7, 7, 80, 120, '2025-08-01'),
(8, 8, 90, 100, '2025-08-01'),
(9, 9, 100, 200, '2025-08-01'),
(10, 10, 110, 250, '2025-08-01'),
(11, 11, 120, 260, '2025-08-01'),
(12, 12, 130, 140, '2025-08-01'),
(13, 13, 140, 150, '2025-08-01'),
(14, 14, 150, 170, '2025-08-01'),
(15, 15, 160, 110, '2025-08-01'),
(16, 16, 170, 130, '2025-08-01'),
(17, 17, 180, 125, '2025-08-01'),
(18, 18, 190, 135, '2025-08-01'),
(19, 19, 200, 145, '2025-08-01'),
(20, 20, 210, 160, '2025-08-01'),
(21, 21, 220, 165, '2025-08-01'),
(22, 22, 230, 175, '2025-08-01'),
(23, 23, 240, 185, '2025-08-01'),
(24, 24, 250, 195, '2025-08-01'),
(25, 25, 260, 155, '2025-08-01'),
(26, 26, 270, 145, '2025-08-01'),
(27, 27, 280, 135, '2025-08-01'),
(28, 28, 290, 125, '2025-08-01'),
(29, 29, 300, 115, '2025-08-01'),
(30, 30, 310, 105, '2025-08-01'),
(31, 31, 320, 95, '2025-08-01'),
(32, 32, 330, 85, '2025-08-01'),
(33, 33, 340, 75, '2025-08-01'),
(34, 34, 350, 65, '2025-08-01'),
(35, 35, 360, 55, '2025-08-01'),
(36, 36, 370, 45, '2025-08-01'),
(37, 37, 380, 35, '2025-08-01'),
(38, 38, 390, 25, '2025-08-01'),
(39, 39, 400, 15, '2025-08-01'),
(40, 40, 410, 10, '2025-08-01'),
(41, 41, 420, 90, '2025-08-01'),
(42, 42, 430, 80, '2025-08-01'),
(43, 43, 440, 70, '2025-08-01'),
(44, 44, 450, 60, '2025-08-01'),
(45, 45, 460, 50, '2025-08-01'),
(46, 46, 470, 40, '2025-08-01'),
(47, 47, 480, 30, '2025-08-01'),
(48, 48, 490, 20, '2025-08-01'),
(49, 49, 500, 10, '2025-08-01'),
(50, 50, 501, 5, '2025-08-01');


INSERT INTO COMPRAS (ID_Compra, ID_Proveedor, Fecha_Compra)
VALUES
(10, 1, '2025-08-01 09:00:00'),
(20, 2, '2025-08-01 10:15:00'),
(30, 3, '2025-08-01 11:30:00'),
(40, 4, '2025-08-01 12:45:00'),
(50, 5, '2025-08-01 14:00:00'),
(60, 6, '2025-08-01 15:10:00'),
(70, 7, '2025-08-01 16:25:00'),
(80, 8, '2025-08-01 17:40:00'),
(90, 9, '2025-08-02 08:30:00'),
(100, 10, '2025-08-02 09:45:00'),
(110, 11, '2025-08-02 11:00:00'),
(120, 12, '2025-08-02 12:15:00'),
(130, 13, '2025-08-02 13:30:00'),
(140, 14, '2025-08-02 14:45:00'),
(150, 15, '2025-08-02 16:00:00'),
(160, 16, '2025-08-02 17:15:00'),
(170, 17, '2025-08-03 08:00:00'),
(180, 18, '2025-08-03 09:10:00'),
(190, 19, '2025-08-03 10:20:00'),
(200, 20, '2025-08-03 11:30:00'),
(210, 21, '2025-08-03 12:40:00'),
(220, 22, '2025-08-03 13:50:00'),
(230, 23, '2025-08-03 15:00:00'),
(240, 24, '2025-08-03 16:10:00'),
(250, 25, '2025-08-03 17:20:00'),
(260, 26, '2025-08-04 08:30:00'),
(270, 27, '2025-08-04 09:40:00'),
(280, 28, '2025-08-04 10:50:00'),
(290, 29, '2025-08-04 12:00:00'),
(300, 30, '2025-08-04 13:10:00'),
(310, 31, '2025-08-04 14:20:00'),
(320, 32, '2025-08-04 15:30:00'),
(330, 33, '2025-08-04 16:40:00'),
(340, 34, '2025-08-04 17:50:00'),
(350, 35, '2025-08-05 08:00:00'),
(360, 36, '2025-08-05 09:15:00'),
(370, 37, '2025-08-05 10:30:00'),
(380, 38, '2025-08-05 11:45:00'),
(390, 39, '2025-08-05 13:00:00'),
(400, 40, '2025-08-05 14:15:00'),
(410, 41, '2025-08-05 15:30:00'),
(420, 42, '2025-08-05 16:45:00'),
(430, 43, '2025-08-05 18:00:00'),
(440, 44, '2025-08-06 08:20:00'),
(450, 45, '2025-08-06 09:40:00'),
(460, 46, '2025-08-06 11:00:00'),
(470, 47, '2025-08-06 12:20:00'),
(480, 48, '2025-08-06 13:40:00'),
(490, 49, '2025-08-06 15:00:00'),
(500, 50, '2025-08-06 16:20:00');

INSERT INTO DETALLES_COMPRA (ID_Detalle_Compra, ID_Compra, ID_Producto, Cantidad, Costo_Unitario) VALUES
(1, 10, 1, 10, 15000.00),
(2, 20, 2, 15, 18000.50),
(3, 30, 3, 8, 9500.75),
(4, 40, 4, 12, 13200.00),
(5, 50, 5, 20, 11000.25),
(6, 60, 6, 25, 17500.00),
(7, 70, 7, 30, 9000.00),
(8, 80, 8, 18, 20000.75),
(9, 90, 9, 22, 14500.50),
(10, 100, 10, 14, 12500.00),
(11, 110, 11, 10, 16000.00),
(12, 120, 12, 15, 19500.25),
(13, 130, 13, 9, 8700.00),
(14, 140, 14, 16, 10200.75),
(15, 150, 15, 21, 13800.00),
(16, 160, 16, 28, 9900.25),
(17, 170, 17, 24, 16700.00),
(18, 180, 18, 12, 9400.50),
(19, 190, 19, 19, 12100.00),
(20, 200, 20, 22, 13000.75),
(21, 210, 21, 17, 15400.00),
(22, 220, 22, 26, 18500.00),
(23, 230, 23, 18, 10900.50),
(24, 240, 24, 13, 9100.00),
(25, 250, 25, 20, 11200.75),
(26, 260, 26, 11, 9700.00),
(27, 270, 27, 14, 9800.00),
(28, 280, 28, 23, 14700.25),
(29, 290, 29, 16, 11800.00),
(30, 300, 30, 30, 16500.00),
(31, 310, 31, 10, 15500.75),
(32, 320, 32, 12, 10600.50),
(33, 330, 33, 25, 17200.00),
(34, 340, 34, 29, 18900.00),
(35, 350, 35, 21, 9900.25),
(36, 360, 36, 27, 10400.75),
(37, 370, 37, 15, 12000.00),
(38, 380, 38, 17, 12300.50),
(39, 390, 39, 19, 14500.00),
(40, 400, 40, 13, 11100.00),
(41, 410, 41, 18, 13200.00),
(42, 420, 42, 16, 12700.25),
(43, 430, 43, 24, 14200.75),
(44, 440, 44, 22, 13900.00),
(45, 450, 45, 20, 9700.00),
(46, 460, 46, 26, 16600.00),
(47, 470, 47, 23, 18800.00),
(48, 480, 48, 11, 10100.00),
(49, 490, 49, 14, 9300.50),
(50, 500, 50, 19, 15000.00);

INSERT INTO DEPARTAMENTO (ID_Departamento, Nombre) VALUES
(1, 'Administración Agropecuaria'),
(2, 'Producción de Cultivos'),
(3, 'Manejo de Suelos'),
(4, 'Fertirrigación'),
(5, 'Control de Plagas'),
(6, 'Invernaderos'),
(7, 'Cosecha'),
(8, 'Postcosecha'),
(9, 'Comercialización Agrícola'),
(10, 'Mantenimiento de Maquinaria'),
(11, 'Logística y Transporte'),
(12, 'Investigación Agronómica'),
(13, 'Calidad y Certificaciones'),
(14, 'Sanidad Vegetal'),
(15, 'Semillas y Germoplasma'),
(16, 'Riego y Drenaje'),
(17, 'Agroindustria'),
(18, 'Nutrición Vegetal'),
(19, 'Seguridad y Salud en el Campo'),
(20, 'Empaque y Embalaje'),
(21, 'Almacén de Insumos'),
(22, 'Compras Agropecuarias'),
(23, 'Finanzas Rurales'),
(24, 'RRHH Agrícola'),
(25, 'Trazabilidad de Producción'),
(26, 'Planificación Agrícola'),
(27, 'Tecnología Agrícola'),
(28, 'Gestión Ambiental'),
(29, 'Producción Orgánica'),
(30, 'Supervisión de Cuadrillas'),
(31, 'Agroexportación'),
(32, 'Control de Inventarios de Insumos'),
(33, 'Consultoría Técnica'),
(34, 'Gestión de Proyectos Rurales'),
(35, 'Relaciones Comunitarias'),
(36, 'Infraestructura Rural'),
(37, 'Control Climático'),
(38, 'Manejo de Residuos Agrícolas'),
(39, 'Soporte Técnico Agro'),
(40, 'Capacitación y Extensión Agraria'),
(41, 'Manejo Integrado de Cultivos'),
(42, 'Monitoreo Satelital'),
(43, 'Evaluación de Rendimientos'),
(44, 'Gestión de Recursos Hídricos'),
(45, 'Biotecnología Agrícola'),
(46, 'Apicultura'),
(47, 'Producción de Forraje'),
(48, 'Manejo Forestal'),
(49, 'Agrometeorología'),
(50, 'Control Biológico');


INSERT INTO EMPLEADO (ID_Empleado, Nombre, Apellido, Cargo, Salario, Fecha_Contratacion, ID_Departamento) VALUES
(1, 'Carlos', 'Martínez', 'Gerente General', 5200000.00, '2020-01-10', 1),
(2, 'Laura', 'Gómez', 'Ingeniera Agrónoma', 4100000.00, '2021-02-15', 2),
(3, 'Julián', 'Pérez', 'Especialista en Suelos', 3500000.00, '2022-03-12', 3),
(4, 'Andrea', 'Ramírez', 'Técnica en Fertirrigación', 2800000.00, '2023-01-18', 4),
(5, 'Luis', 'Castaño', 'Controlador de Plagas', 2900000.00, '2023-04-01', 5),
(6, 'Mariana', 'Torres', 'Encargada de Invernadero', 2700000.00, '2022-06-10', 6),
(7, 'Diego', 'Salazar', 'Supervisor de Cosecha', 3000000.00, '2021-10-05', 7),
(8, 'Camila', 'Pineda', 'Auxiliar de Postcosecha', 2400000.00, '2022-09-08', 8),
(9, 'Fernando', 'Ríos', 'Jefe Comercial', 4000000.00, '2020-07-11', 9),
(10, 'Sofía', 'García', 'Mecánico Agrícola', 2600000.00, '2023-02-20', 10),
(11, 'Daniel', 'Orozco', 'Coordinador Logístico', 3500000.00, '2022-05-05', 11),
(12, 'Paula', 'Hernández', 'Investigadora Agronómica', 3700000.00, '2021-11-01', 12),
(13, 'Miguel', 'Vargas', 'Inspector de Calidad', 3300000.00, '2023-03-15', 13),
(14, 'Sara', 'López', 'Técnica en Sanidad', 2800000.00, '2023-06-25', 14),
(15, 'Iván', 'Castillo', 'Especialista en Semillas', 3100000.00, '2022-04-30', 15),
(16, 'Natalia', 'Morales', 'Técnica en Riego', 2900000.00, '2023-07-07', 16),
(17, 'Sebastián', 'Restrepo', 'Encargado Agroindustria', 3400000.00, '2021-01-12', 17),
(18, 'Valentina', 'Quintero', 'Nutricionista Vegetal', 3000000.00, '2022-08-14', 18),
(19, 'Andrés', 'Tobar', 'Coordinador de Seguridad', 3100000.00, '2023-09-01', 19),
(20, 'Mónica', 'Jaramillo', 'Empacadora', 2200000.00, '2022-10-20', 20),
(21, 'Jorge', 'Guzmán', 'Encargado de Almacén', 2500000.00, '2020-03-05', 21),
(22, 'Diana', 'Zapata', 'Compradora Agrícola', 3600000.00, '2021-12-12', 22),
(23, 'Esteban', 'Mejía', 'Analista Financiero', 3900000.00, '2020-08-09', 23),
(24, 'Tatiana', 'Londoño', 'Jefe de RRHH', 4000000.00, '2022-01-04', 24),
(25, 'Cristian', 'Ruiz', 'Encargado de Trazabilidad', 3100000.00, '2023-02-22', 25),
(26, 'Daniela', 'Galeano', 'Planificadora Agrícola', 3500000.00, '2021-03-17', 26),
(27, 'Óscar', 'Navarro', 'Tecnólogo Agrícola', 3000000.00, '2022-11-30', 27),
(28, 'Eliana', 'Uribe', 'Gestora Ambiental', 3300000.00, '2020-12-08', 28),
(29, 'Camilo', 'Acevedo', 'Supervisor de Cultivos Orgánicos', 3200000.00, '2022-02-28', 29),
(30, 'Carolina', 'Nieto', 'Encargada de Cuadrillas', 3100000.00, '2023-04-10', 30),
(31, 'Kevin', 'Jiménez', 'Especialista en Exportación', 3700000.00, '2021-07-22', 31),
(32, 'Marcela', 'Montoya', 'Inventarista', 2800000.00, '2023-05-19', 32),
(33, 'Mauricio', 'Buitrago', 'Consultor Técnico', 3500000.00, '2021-06-13', 33),
(34, 'Angie', 'Espinosa', 'Gestora de Proyectos', 3800000.00, '2022-03-03', 34),
(35, 'Jhonatan', 'Duque', 'Encargado de Relaciones', 3000000.00, '2020-09-01', 35),
(36, 'Manuela', 'Peña', 'Ingeniera Civil Rural', 3700000.00, '2021-05-07', 36),
(37, 'Raúl', 'Sánchez', 'Operador Climático', 2900000.00, '2023-01-16', 37),
(38, 'Liliana', 'Perdomo', 'Encargada de Residuos', 2700000.00, '2023-08-18', 38),
(39, 'Álvaro', 'Campos', 'Soporte Técnico', 3200000.00, '2021-04-25', 39),
(40, 'Isabel', 'Mendoza', 'Capacitadora Rural', 3000000.00, '2022-06-12', 40),
(41, 'Nelson', 'Villa', 'Coordinador de MIC', 3400000.00, '2020-11-04', 41),
(42, 'Patricia', 'Fajardo', 'Analista Satelital', 3100000.00, '2023-10-09', 42),
(43, 'Edwin', 'Correa', 'Evaluador de Producción', 3000000.00, '2022-09-27', 43),
(44, 'María José', 'Herrera', 'Gestora de Riego', 3300000.00, '2021-08-30', 44),
(45, 'Freddy', 'Valencia', 'Biotecnólogo', 3700000.00, '2020-06-02', 45),
(46, 'Yulieth', 'Palacios', 'Técnica Apícola', 2900000.00, '2022-07-20', 46),
(47, 'Gustavo', 'Vélez', 'Productor de Forraje', 3000000.00, '2023-02-06', 47),
(48, 'Verónica', 'Cardona', 'Supervisora Forestal', 3100000.00, '2021-10-15', 48),
(49, 'Jonathan', 'Tello', 'Meteorólogo', 3200000.00, '2022-04-22', 49),
(50, 'Melisa', 'Bermúdez', 'Controladora Biológica', 3000000.00, '2023-07-01', 50);


INSERT INTO MAQUINARIA (ID_Maquinaria, Nombre, Modelo, Estado, Fecha_Adquisicion, Horas_Uso) VALUES
(1, 'Tractor John Deere', 'JD-5075E', 'Operativa', '2020-03-15', 1200),
(2, 'Cosechadora New Holland', 'CR7.90', 'Operativa', '2021-07-10', 980),
(3, 'Sembradora Amazone', 'EDX 6000', 'Mantenimiento', '2019-11-20', 1500),
(4, 'Pulverizadora Jacto', 'Advance 3000', 'Operativa', '2022-01-05', 620),
(5, 'Arado de Discos', 'Disco-14', 'Operativa', '2023-06-18', 300),
(6, 'Rotocultivador', 'RCV-180', 'Operativa', '2020-09-12', 1120),
(7, 'Tractor Massey Ferguson', 'MF-4707', 'Reparación', '2018-05-27', 1890),
(8, 'Empacadora Claas', 'Rollant 455', 'Operativa', '2021-02-17', 750),
(9, 'Sistema de Riego', 'Irritec-Pro', 'Operativa', '2022-04-09', 400),
(10, 'Trituradora de Ramas', 'TR-2400', 'Mantenimiento', '2020-08-01', 890),
(11, 'Transplantadora', 'TRN-200', 'Operativa', '2023-03-13', 210),
(12, 'Fumigadora Motorizada', 'FUM-500', 'Operativa', '2021-09-22', 530),
(13, 'Desmalezadora', 'DMZ-3X', 'Reparación', '2019-07-15', 1670),
(14, 'Cultivador de Cuchillas', 'CULT-10', 'Operativa', '2020-06-05', 980),
(15, 'Excavadora Agrícola', 'EXA-100', 'Operativa', '2022-02-10', 430),
(16, 'Hidrolavadora', 'HD-300', 'Operativa', '2021-12-01', 150),
(17, 'Cosechadora Manual', 'CM-24', 'Operativa', '2023-07-02', 180),
(18, 'Tractor Kubota', 'M7040', 'Mantenimiento', '2020-10-23', 1340),
(19, 'Pala Frontal', 'PF-220', 'Operativa', '2019-03-14', 1100),
(20, 'Rastra de Dientes', 'RAS-17', 'Operativa', '2022-05-07', 300),
(21, 'Sistema GPS Agrícola', 'AgriGPS-X', 'Operativa', '2023-01-25', 50),
(22, 'Rolo Compactador', 'RC-5000', 'Operativa', '2021-06-18', 600),
(23, 'Picaradora de Forraje', 'PF-350', 'Reparación', '2019-08-12', 1450),
(24, 'Remolque Agrícola', 'REM-800', 'Operativa', '2020-04-03', 870),
(25, 'Camión de Carga', 'Isuzu-NKR', 'Operativa', '2022-11-15', 920),
(26, 'Túnel de Secado', 'TDS-400', 'Operativa', '2021-03-08', 400),
(27, 'Tractor Case IH', 'Farmall 80A', 'Operativa', '2022-08-19', 510),
(28, 'Cosechadora de Papa', 'CP-900', 'Operativa', '2023-02-26', 220),
(29, 'Inyectadora de Fertilizantes', 'INF-350', 'Operativa', '2020-07-01', 790),
(30, 'Fumigadora Dron', 'DJI Agras T30', 'Operativa', '2023-06-09', 130),
(31, 'Módulo de Compostaje', 'COMP-100', 'Operativa', '2022-10-11', 100),
(32, 'Trituradora de Heno', 'HEN-240', 'Operativa', '2020-05-16', 1010),
(33, 'Sistema de Fertirriego', 'FERTI-MAX', 'Mantenimiento', '2021-08-25', 580),
(34, 'Poda de Altura', 'PDA-500', 'Operativa', '2023-04-14', 190),
(35, 'Cosechadora de Frutas', 'CFR-300', 'Operativa', '2021-11-06', 640),
(36, 'Tractor Valtra', 'A950', 'Operativa', '2022-01-03', 720),
(37, 'Empacadora Manual', 'EMP-MAN', 'Operativa', '2020-09-30', 860),
(38, 'Secadora de Granos', 'SEC-70', 'Operativa', '2023-01-10', 250),
(39, 'Cultivadora Rotativa', 'CULT-ROT', 'Operativa', '2021-07-21', 540),
(40, 'Transportador de Cosecha', 'TCO-800', 'Operativa', '2022-12-12', 410),
(41, 'Sembradora Manual', 'S-MANUAL', 'Operativa', '2023-03-28', 95),
(42, 'Tractor John Deere', 'JD-5082E', 'Operativa', '2021-04-04', 1170),
(43, 'Arado Reversible', 'AR-600', 'Operativa', '2022-06-02', 370),
(44, 'Desgranadora de Maíz', 'DM-300', 'Operativa', '2020-02-14', 990),
(45, 'Extractor de Semillas', 'EXS-500', 'Mantenimiento', '2021-10-19', 670),
(46, 'Tractor New Holland', 'TT75', 'Operativa', '2022-09-10', 610),
(47, 'Fumigadora a Batería', 'FUM-BAT', 'Operativa', '2023-05-03', 160),
(48, 'Cosechadora de Café', 'CAF-450', 'Operativa', '2020-12-20', 880),
(49, 'Elevador de Granos', 'EGR-1000', 'Operativa', '2021-05-09', 720),
(50, 'Rastrillo Hilerador', 'RH-90', 'Operativa', '2023-07-01', 210);


INSERT INTO PRODUCCION (ID_Produccion, ID_Producto, Cantidad_Producida, Fecha_Cosecha, ID_Empleado, ID_Maquinaria) VALUES
(1, 1, 1200, '2025-01-15', 10, 2),
(2, 2, 980, '2025-01-18', 15, 5),
(3, 3, 1500, '2025-01-20', 8, 1),
(4, 4, 620, '2025-01-23', 21, 12),
(5, 5, 300, '2025-01-26', 17, 4),
(6, 6, 1120, '2025-01-29', 22, 6),
(7, 7, 1890, '2025-02-01', 11, 3),
(8, 8, 750, '2025-02-03', 5, 8),
(9, 9, 400, '2025-02-06', 33, 9),
(10, 10, 890, '2025-02-09', 19, 10),
(11, 11, 210, '2025-02-11', 2, 11),
(12, 12, 530, '2025-02-13', 23, 12),
(13, 13, 1670, '2025-02-15', 29, 13),
(14, 14, 980, '2025-02-18', 18, 14),
(15, 15, 430, '2025-02-21', 6, 15),
(16, 16, 150, '2025-02-24', 25, 16),
(17, 17, 180, '2025-02-26', 7, 17),
(18, 18, 1340, '2025-02-28', 13, 18),
(19, 19, 1100, '2025-03-02', 24, 19),
(20, 20, 300, '2025-03-05', 26, 20),
(21, 21, 50, '2025-03-07', 30, 21),
(22, 22, 600, '2025-03-10', 3, 22),
(23, 23, 1450, '2025-03-12', 31, 23),
(24, 24, 870, '2025-03-15', 14, 24),
(25, 25, 920, '2025-03-17', 34, 25),
(26, 26, 400, '2025-03-19', 28, 26),
(27, 27, 510, '2025-03-21', 27, 27),
(28, 28, 220, '2025-03-23', 32, 28),
(29, 29, 790, '2025-03-25', 1, 29),
(30, 30, 130, '2025-03-27', 35, 30),
(31, 31, 100, '2025-03-29', 9, 31),
(32, 32, 1010, '2025-04-01', 36, 32),
(33, 33, 580, '2025-04-03', 4, 33),
(34, 34, 190, '2025-04-05', 37, 34),
(35, 35, 640, '2025-04-07', 12, 35),
(36, 36, 720, '2025-04-09', 20, 36),
(37, 37, 860, '2025-04-11', 38, 37),
(38, 38, 250, '2025-04-13', 16, 38),
(39, 39, 540, '2025-04-15', 40, 39),
(40, 40, 410, '2025-04-17', 39, 40),
(41, 41, 95, '2025-04-19', 41, 41),
(42, 42, 1170, '2025-04-21', 42, 42),
(43, 43, 370, '2025-04-23', 43, 43),
(44, 44, 990, '2025-04-25', 44, 44),
(45, 45, 670, '2025-04-27', 45, 45),
(46, 46, 610, '2025-04-29', 46, 46),
(47, 47, 160, '2025-05-01', 47, 47),
(48, 48, 880, '2025-05-03', 48, 48),
(49, 49, 720, '2025-05-05', 49, 49),
(50, 50, 210, '2025-05-07', 50, 50);

INSERT INTO MANTENIMIENTO (ID_Mantenimiento, ID_Maquinaria, Fecha, Descripcion, Costo) VALUES
(1, 1, '2025-01-05', 'Cambio de aceite y filtro', 150.00),
(2, 2, '2025-01-08', 'Revisión de sistema hidráulico', 220.50),
(3, 3, '2025-01-10', 'Reemplazo de correas desgastadas', 180.00),
(4, 4, '2025-01-13', 'Lubricación de ejes', 90.00),
(5, 5, '2025-01-16', 'Ajuste de frenos', 130.00),
(6, 6, '2025-01-18', 'Mantenimiento preventivo completo', 300.00),
(7, 7, '2025-01-20', 'Limpieza de inyectores', 145.00),
(8, 8, '2025-01-23', 'Cambio de batería', 200.00),
(9, 9, '2025-01-26', 'Alineación de ruedas', 110.00),
(10, 10, '2025-01-28', 'Revisión de transmisión', 250.00),
(11, 11, '2025-01-30', 'Cambio de filtro de aire', 80.00),
(12, 12, '2025-02-02', 'Revisión de motor', 275.00),
(13, 13, '2025-02-04', 'Cambio de luces delanteras', 60.00),
(14, 14, '2025-02-06', 'Soldadura de soporte', 95.00),
(15, 15, '2025-02-08', 'Limpieza general y revisión', 120.00),
(16, 16, '2025-02-10', 'Revisión del sistema eléctrico', 215.00),
(17, 17, '2025-02-12', 'Ajuste de cadena de tracción', 105.00),
(18, 18, '2025-02-15', 'Reemplazo de neumáticos', 400.00),
(19, 19, '2025-02-18', 'Inspección de válvulas', 190.00),
(20, 20, '2025-02-20', 'Cambio de bujías', 85.00),
(21, 21, '2025-02-22', 'Revisión general', 250.00),
(22, 22, '2025-02-25', 'Cambio de aceite hidráulico', 170.00),
(23, 23, '2025-02-27', 'Revisión del radiador', 155.00),
(24, 24, '2025-03-01', 'Soldadura de bastidor', 100.00),
(25, 25, '2025-03-03', 'Cambio de pastillas de freno', 135.00),
(26, 26, '2025-03-05', 'Chequeo de presión de llantas', 45.00),
(27, 27, '2025-03-07', 'Limpieza de sistema de refrigeración', 125.00),
(28, 28, '2025-03-09', 'Calibración de sensores', 160.00),
(29, 29, '2025-03-11', 'Cambio de filtro de combustible', 95.00),
(30, 30, '2025-03-13', 'Revisión del sistema de escape', 150.00),
(31, 31, '2025-03-15', 'Reemplazo de cables eléctricos', 140.00),
(32, 32, '2025-03-17', 'Cambio de amortiguadores', 210.00),
(33, 33, '2025-03-19', 'Ajuste general de motor', 235.00),
(34, 34, '2025-03-21', 'Lubricación de componentes móviles', 85.00),
(35, 35, '2025-03-23', 'Inspección de bomba hidráulica', 195.00),
(36, 36, '2025-03-25', 'Revisión de panel de control', 180.00),
(37, 37, '2025-03-27', 'Cambio de válvulas', 175.00),
(38, 38, '2025-03-29', 'Reemplazo de alternador', 250.00),
(39, 39, '2025-03-31', 'Limpieza del carburador', 130.00),
(40, 40, '2025-04-02', 'Chequeo de mangueras', 70.00),
(41, 41, '2025-04-04', 'Revisión de poleas', 90.00),
(42, 42, '2025-04-06', 'Cambio de líquido refrigerante', 125.00),
(43, 43, '2025-04-08', 'Limpieza y calibración de motor', 200.00),
(44, 44, '2025-04-10', 'Mantenimiento estacional', 300.00),
(45, 45, '2025-04-12', 'Reemplazo de fusibles', 50.00),
(46, 46, '2025-04-14', 'Inspección visual completa', 95.00),
(47, 47, '2025-04-16', 'Ajuste de transmisión', 220.00),
(48, 48, '2025-04-18', 'Limpieza interna de maquinaria', 150.00),
(49, 49, '2025-04-20', 'Revisión de sensores térmicos', 180.00),
(50, 50, '2025-04-22', 'Mantenimiento anual completo', 400.00);