USE GESTION_AGROINDUSTRIAL


INSERT INTO CLIENTE (ID_Cliente, Nombre, Apellido, Telefono, Email, Tipo) VALUES
(1, 'Juan', 'Pérez', '3101234567', 'juan.perez@email.com', 'Minorista'),
(2, 'María', 'Gómez', '3202345678', 'maria.gomez@email.com', 'Mayorista'),
(3, 'Carlos', 'Rodríguez', '3003456789', 'carlos.rod@email.com', 'Minorista'),
(4, 'Ana', 'López', '3154567890', 'ana.lopez@email.com', 'Mayorista'),
(5, 'Pedro', 'Martínez', '3185678901', 'pedro.mart@email.com', 'Minorista'),
(6, 'Laura', 'Hernández', '3126789012', 'laura.hern@email.com', 'Minorista'),
(7, 'Jorge', 'Díaz', '3147890123', 'jorge.diaz@email.com', 'Mayorista'),
(8, 'Sofía', 'García', '3178901234', 'sofia.garcia@email.com', 'Minorista'),
(9, 'Miguel', 'Sánchez', '3199012345', 'miguel.san@email.com', 'Mayorista'),
(10, 'Elena', 'Fernández', '3110123456', 'elena.fer@email.com', 'Minorista'),
(11, 'Ricardo', 'Torres', '3131234567', 'ricardo.tor@email.com', 'Mayorista'),
(12, 'Patricia', 'Ramírez', '3162345678', 'patricia.ram@email.com', 'Minorista'),
(13, 'Fernando', 'Flores', '3183456789', 'fernando.flo@email.com', 'Minorista'),
(14, 'Lucía', 'Vargas', '3204567890', 'lucia.var@email.com', 'Mayorista'),
(15, 'Oscar', 'Castro', '3155678901', 'oscar.cas@email.com', 'Minorista'),
(16, 'Carmen', 'Morales', '3126789012', 'carmen.mor@email.com', 'Minorista'),
(17, 'Raúl', 'Ortega', '3147890123', 'raul.ort@email.com', 'Mayorista'),
(18, 'Isabel', 'Rojas', '3178901234', 'isabel.roj@email.com', 'Minorista'),
(19, 'Héctor', 'Mendoza', '3199012345', 'hector.men@email.com', 'Mayorista'),
(20, 'Adriana', 'Guerrero', '3110123456', 'adriana.gue@email.com', 'Minorista'),
(21, 'Francisco', 'Paredes', '3131234567', 'francisco.par@email.com', 'Minorista'),
(22, 'Daniela', 'Silva', '3162345678', 'daniela.sil@email.com', 'Mayorista'),
(23, 'Arturo', 'Cortés', '3183456789', 'arturo.cor@email.com', 'Minorista'),
(24, 'Gabriela', 'Núñez', '3204567890', 'gabriela.nun@email.com', 'Minorista'),
(25, 'Roberto', 'Jiménez', '3155678901', 'roberto.jim@email.com', 'Mayorista'),
(26, 'Teresa', 'Ruiz', '3126789012', 'teresa.rui@email.com', 'Minorista'),
(27, 'Sergio', 'Medina', '3147890123', 'sergio.med@email.com', 'Mayorista'),
(28, 'Verónica', 'Aguilar', '3178901234', 'veronica.agu@email.com', 'Minorista'),
(29, 'Manuel', 'Valdez', '3199012345', 'manuel.val@email.com', 'Minorista'),
(30, 'Beatriz', 'Campos', '3110123456', 'beatriz.cam@email.com', 'Mayorista'),
(31, 'Alberto', 'Mejía', '3131234567', 'alberto.mej@email.com', 'Minorista'),
(32, 'Silvia', 'Santos', '3162345678', 'silvia.san@email.com', 'Minorista'),
(33, 'Javier', 'Carrillo', '3183456789', 'javier.car@email.com', 'Mayorista'),
(34, 'Claudia', 'Delgado', '3204567890', 'claudia.del@email.com', 'Minorista'),
(35, 'Mario', 'Ríos', '3155678901', 'mario.rios@email.com', 'Minorista'),
(36, 'Norma', 'Vega', '3126789012', 'norma.vega@email.com', 'Mayorista'),
(37, 'Alejandro', 'Miranda', '3147890123', 'alejandro.mir@email.com', 'Minorista'),
(38, 'Lourdes', 'Camacho', '3178901234', 'lourdes.cam@email.com', 'Mayorista'),
(39, 'Eduardo', 'Franco', '3199012345', 'eduardo.fra@email.com', 'Minorista'),
(40, 'Rosa', 'Bermúdez', '3110123456', 'rosa.ber@email.com', 'Minorista'),
(41, 'Felipe', 'Navarro', '3131234567', 'felipe.nav@email.com', 'Mayorista'),
(42, 'Mariana', 'Salazar', '3162345678', 'mariana.sal@email.com', 'Minorista'),
(43, 'Guillermo', 'Molina', '3183456789', 'guillermo.mol@email.com', 'Minorista'),
(44, 'Alicia', 'Cordero', '3204567890', 'alicia.cor@email.com', 'Mayorista'),
(45, 'José', 'Rosales', '3155678901', 'jose.ros@email.com', 'Minorista'),
(46, 'Diana', 'Ponce', '3126789012', 'diana.pon@email.com', 'Mayorista'),
(47, 'Rodrigo', 'Acosta', '3147890123', 'rodrigo.aco@email.com', 'Minorista'),
(48, 'Gladys', 'Montes', '3178901234', 'gladys.mon@email.com', 'Minorista'),
(49, 'Hugo', 'Valencia', '3199012345', 'hugo.val@email.com', 'Mayorista'),
(50, 'Liliana', 'Esquivel', '3110123456', 'liliana.esq@email.com', 'Minorista');

INSERT INTO DIRECCION_CLIENTE (ID_Direccion, ID_Cliente, Ciudad, Departamento, Direccion_Detallada) VALUES
(1, 1, 'Bogotá', 'Cundinamarca', 'Calle 123 #45-67'),
(2, 2, 'Medellín', 'Antioquia', 'Carrera 56 #78-90'),
(3, 3, 'Cali', 'Valle del Cauca', 'Avenida 34 #12-34'),
(4, 4, 'Barranquilla', 'Atlántico', 'Calle 78 #56-12'),
(5, 5, 'Cartagena', 'Bolívar', 'Carrera 23 #45-67'),
(6, 6, 'Bucaramanga', 'Santander', 'Avenida 89 #12-34'),
(7, 7, 'Pereira', 'Risaralda', 'Calle 45 #67-89'),
(8, 8, 'Manizales', 'Caldas', 'Carrera 12 #34-56'),
(9, 9, 'Ibagué', 'Tolima', 'Avenida 67 #89-01'),
(10, 10, 'Neiva', 'Huila', 'Calle 90 #12-34'),
(11, 11, 'Santa Marta', 'Magdalena', 'Carrera 34 #56-78'),
(12, 12, 'Villavicencio', 'Meta', 'Avenida 12 #34-56'),
(13, 13, 'Pasto', 'Nariño', 'Calle 56 #78-90'),
(14, 14, 'Cúcuta', 'Norte de Santander', 'Carrera 78 #90-12'),
(15, 15, 'Montería', 'Córdoba', 'Avenida 45 #67-89'),
(16, 16, 'Armenia', 'Quindío', 'Calle 23 #45-67'),
(17, 17, 'Popayán', 'Cauca', 'Carrera 89 #01-23'),
(18, 18, 'Sincelejo', 'Sucre', 'Avenida 34 #56-78'),
(19, 19, 'Tunja', 'Boyacá', 'Calle 67 #89-01'),
(20, 20, 'Riohacha', 'La Guajira', 'Carrera 12 #34-56'),
(21, 21, 'Valledupar', 'Cesar', 'Avenida 90 #12-34'),
(22, 22, 'Florencia', 'Caquetá', 'Calle 45 #67-89'),
(23, 23, 'Yopal', 'Casanare', 'Carrera 23 #45-67'),
(24, 24, 'Mocoa', 'Putumayo', 'Avenida 78 #90-12'),
(25, 25, 'San José del Guaviare', 'Guaviare', 'Calle 56 #78-90'),
(26, 26, 'Mitú', 'Vaupés', 'Carrera 34 #56-78'),
(27, 27, 'Puerto Carreño', 'Vichada', 'Avenida 12 #34-56'),
(28, 28, 'Inírida', 'Guainía', 'Calle 89 #01-23'),
(29, 29, 'Leticia', 'Amazonas', 'Carrera 45 #67-89'),
(30, 30, 'San Andrés', 'San Andrés', 'Avenida 23 #45-67'),
(31, 31, 'Bogotá', 'Cundinamarca', 'Calle 90 #12-34'),
(32, 32, 'Medellín', 'Antioquia', 'Carrera 56 #78-90'),
(33, 33, 'Cali', 'Valle del Cauca', 'Avenida 34 #12-34'),
(34, 34, 'Barranquilla', 'Atlántico', 'Calle 78 #56-12'),
(35, 35, 'Cartagena', 'Bolívar', 'Carrera 23 #45-67'),
(36, 36, 'Bucaramanga', 'Santander', 'Avenida 89 #12-34'),
(37, 37, 'Pereira', 'Risaralda', 'Calle 45 #67-89'),
(38, 38, 'Manizales', 'Caldas', 'Carrera 12 #34-56'),
(39, 39, 'Ibagué', 'Tolima', 'Avenida 67 #89-01'),
(40, 40, 'Neiva', 'Huila', 'Calle 90 #12-34'),
(41, 41, 'Santa Marta', 'Magdalena', 'Carrera 34 #56-78'),
(42, 42, 'Villavicencio', 'Meta', 'Avenida 12 #34-56'),
(43, 43, 'Pasto', 'Nariño', 'Calle 56 #78-90'),
(44, 44, 'Cúcuta', 'Norte de Santander', 'Carrera 78 #90-12'),
(45, 45, 'Montería', 'Córdoba', 'Avenida 45 #67-89'),
(46, 46, 'Armenia', 'Quindío', 'Calle 23 #45-67'),
(47, 47, 'Popayán', 'Cauca', 'Carrera 89 #01-23'),
(48, 48, 'Sincelejo', 'Sucre', 'Avenida 34 #56-78'),
(49, 49, 'Tunja', 'Boyacá', 'Calle 67 #89-01'),
(50, 50, 'Riohacha', 'La Guajira', 'Carrera 12 #34-56');

INSERT INTO DEPARTAMENTO (ID_Departamento, Nombre) VALUES
(1, 'Ventas'),
(2, 'Producción'),
(3, 'Logística'),
(4, 'Recursos Humanos'),
(5, 'Finanzas'),
(6, 'Compras'),
(7, 'Marketing'),
(8, 'Tecnología'),
(9, 'Calidad'),
(10, 'Administración'),
(11, 'Investigación y Desarrollo'),
(12, 'Servicio al Cliente'),
(13, 'Mantenimiento'),
(14, 'Almacén'),
(15, 'Exportaciones'),
(16, 'Importaciones'),
(17, 'Legal'),
(18, 'Seguridad'),
(19, 'Contabilidad'),
(20, 'Auditoría'),
(21, 'Planificación'),
(22, 'Operaciones'),
(23, 'Diseño'),
(24, 'Ingeniería'),
(25, 'Capacitación'),
(26, 'Relaciones Públicas'),
(27, 'Medio Ambiente'),
(28, 'Salud Ocupacional'),
(29, 'Innovación'),
(30, 'Proyectos'),
(31, 'Comunicaciones'),
(32, 'Gestión de Riesgos'),
(33, 'Cadena de Suministro'),
(34, 'Desarrollo de Negocios'),
(35, 'Inteligencia de Mercado'),
(36, 'Sistemas'),
(37, 'Infraestructura'),
(38, 'Transformación Digital'),
(39, 'Experiencia del Cliente'),
(40, 'Analítica'),
(41, 'Automatización'),
(42, 'Sostenibilidad'),
(43, 'Comercio Electrónico'),
(44, 'Relaciones Institucionales'),
(45, 'Gestión del Cambio'),
(46, 'Producto'),
(47, 'Servicios Técnicos'),
(48, 'Gestión de Talento'),
(49, 'Datos'),
(50, 'Estrategia');

INSERT INTO EMPLEADO (ID_Empleado, Nombre, Apellido, Cargo, Salario, Fecha_Contratacion, ID_Departamento) VALUES
(1, 'Luis', 'González', 'Gerente de Ventas', 5000000, '2018-05-15', 1),
(2, 'Ana', 'Martínez', 'Supervisor de Producción', 4500000, '2019-02-20', 2),
(3, 'Carlos', 'Ramírez', 'Jefe de Logística', 4800000, '2017-11-10', 3),
(4, 'Marta', 'Suárez', 'Analista de RH', 3800000, '2020-03-25', 4),
(5, 'Jorge', 'Díaz', 'Contador', 4200000, '2018-07-30', 5),
(6, 'Patricia', 'López', 'Comprador', 3900000, '2019-09-12', 6),
(7, 'Fernando', 'Herrera', 'Especialista en Marketing', 4100000, '2020-01-18', 7),
(8, 'Sandra', 'Castro', 'Desarrollador', 5200000, '2017-06-22', 8),
(9, 'Ricardo', 'Mendoza', 'Inspector de Calidad', 3600000, '2019-04-05', 9),
(10, 'Gabriela', 'Rojas', 'Asistente Administrativo', 3200000, '2020-08-15', 10),
(11, 'Oscar', 'Vargas', 'Investigador', 4700000, '2018-10-28', 11),
(12, 'Teresa', 'Paredes', 'Representante de Servicio', 3400000, '2019-12-03', 12),
(13, 'Héctor', 'Silva', 'Técnico de Mantenimiento', 3700000, '2017-09-17', 13),
(14, 'Claudia', 'Campos', 'Almacenista', 3300000, '2020-05-22', 14),
(15, 'Roberto', 'Ortega', 'Coordinador de Exportaciones', 4600000, '2018-03-08', 15),
(16, 'Lucía', 'Núñez', 'Especialista en Importaciones', 4400000, '2019-07-14', 16),
(17, 'Francisco', 'Guerrero', 'Asesor Legal', 5100000, '2017-12-19', 17),
(18, 'Daniela', 'Flores', 'Jefe de Seguridad', 4000000, '2020-02-11', 18),
(19, 'Arturo', 'Bermúdez', 'Auditor', 4300000, '2018-08-26', 19),
(20, 'Norma', 'Miranda', 'Planificador', 4200000, '2019-11-30', 20),
(21, 'Alejandro', 'Franco', 'Supervisor de Operaciones', 3900000, '2017-04-13', 21),
(22, 'Mariana', 'Valencia', 'Diseñador', 4100000, '2020-06-09', 22),
(23, 'Guillermo', 'Esquivel', 'Ingeniero', 5400000, '2018-01-24', 23),
(24, 'Alicia', 'Rosales', 'Capacitador', 3800000, '2019-10-07', 24),
(25, 'José', 'Acosta', 'Relacionista Público', 3700000, '2017-07-31', 25),
(26, 'Diana', 'Montes', 'Especialista Ambiental', 4000000, '2020-04-16', 26),
(27, 'Rodrigo', 'Cordero', 'Médico Ocupacional', 4900000, '2018-09-21', 27),
(28, 'Gladys', 'Ponce', 'Innovador', 4700000, '2019-05-28', 28),
(29, 'Hugo', 'Salazar', 'Director de Proyectos', 5800000, '2017-02-14', 29),
(30, 'Liliana', 'Molina', 'Comunicador', 3900000, '2020-07-03', 30),
(31, 'Felipe', 'Navarro', 'Analista de Riesgos', 4200000, '2018-04-27', 31),
(32, 'Rosa', 'Delgado', 'Coordinador de Cadena', 4500000, '2019-08-12', 32),
(33, 'Eduardo', 'Ríos', 'Desarrollador de Negocios', 5000000, '2017-11-05', 33),
(34, 'María', 'Vega', 'Analista de Mercado', 4100000, '2020-09-18', 34),
(35, 'Sergio', 'Camacho', 'Administrador de Sistemas', 5200000, '2018-06-23', 35),
(36, 'Verónica', 'Bermúdez', 'Ingeniero de Infraestructura', 5300000, '2019-03-16', 36),
(37, 'Manuel', 'Franco', 'Especialista Digital', 4800000, '2017-10-29', 37),
(38, 'Beatriz', 'Valencia', 'Diseñador de Experiencia', 4300000, '2020-01-14', 38),
(39, 'Alberto', 'Esquivel', 'Analista de Datos', 4600000, '2018-12-07', 39),
(40, 'Silvia', 'Rosales', 'Estratega', 5500000, '2019-09-20', 40),
(41, 'Javier', 'Acosta', 'Especialista en Automatización', 4900000, '2017-05-25', 41),
(42, 'Claudia', 'Montes', 'Coordinador de Sostenibilidad', 4200000, '2020-02-08', 42),
(43, 'Mario', 'Cordero', 'Gerente de E-commerce', 5100000, '2018-07-13', 43),
(44, 'Norma', 'Ponce', 'Relacionista Institucional', 4000000, '2019-04-26', 44),
(45, 'Alejandro', 'Salazar', 'Gestor del Cambio', 4700000, '2017-12-11', 45),
(46, 'Mariana', 'Molina', 'Desarrollador de Producto', 4400000, '2020-05-24', 46),
(47, 'Guillermo', 'Navarro', 'Técnico de Servicio', 3800000, '2018-10-17', 47),
(48, 'Alicia', 'Delgado', 'Gestor de Talento', 4500000, '2019-07-02', 48),
(49, 'José', 'Ríos', 'Científico de Datos', 5600000, '2017-08-15', 49),
(50, 'Diana', 'Vega', 'Estratega Corporativa', 6000000, '2020-03-30', 50);

Inserts para la tabla PROVEEDOR
INSERT INTO PROVEEDOR (ID_Proveedor, Nombre, Telefono, Direccion) VALUES
(1, 'AgroSuministros S.A.', '6012345678', 'Carrera 45 #23-12, Bogotá'),
(2, 'Semillas del Valle', '6023456789', 'Calle 67 #34-56, Cali'),
(3, 'Fertilizantes Andinos', '6034567890', 'Avenida 12 #78-90, Medellín'),
(4, 'Insumos Agrícolas Ltda.', '6045678901', 'Carrera 89 #45-67, Barranquilla'),
(5, 'Herramientas del Campo', '6056789012', 'Calle 34 #56-78, Bucaramanga'),
(6, 'AgroTecnología', '6067890123', 'Avenida 56 #12-34, Pereira'),
(7, 'Distribuidora Agrícola', '6078901234', 'Carrera 78 #90-12, Manizales'),
(8, 'Semilleros Nacionales', '6089012345', 'Calle 12 #34-56, Ibagué'),
(9, 'AgroQuímicos del Sur', '6090123456', 'Avenida 90 #23-45, Neiva'),
(10, 'Maquinaria Agrícola S.A.', '6101234567', 'Carrera 23 #45-67, Santa Marta'),
(11, 'Insumos Orgánicos', '6112345678', 'Calle 45 #67-89, Villavicencio'),
(12, 'Distribuidora de Semillas', '6123456789', 'Avenida 78 #34-56, Pasto'),
(13, 'AgroProductos del Norte', '6134567890', 'Carrera 34 #56-78, Cúcuta'),
(14, 'Fertilizantes del Caribe', '6145678901', 'Calle 67 #89-01, Montería'),
(15, 'Herramientas Agrícolas', '6156789012', 'Avenida 23 #45-67, Armenia'),
(16, 'TecnoAgro', '6167890123', 'Carrera 56 #78-90, Popayán'),
(17, 'Insumos del Campo', '6178901234', 'Calle 89 #01-23, Sincelejo'),
(18, 'AgroInsumos del Oriente', '6189012345', 'Avenida 45 #67-89, Tunja'),
(19, 'Semillas Premium', '6190123456', 'Carrera 12 #34-56, Riohacha'),
(20, 'Maquinaria del Valle', '6201234567', 'Calle 34 #56-78, Valledupar'),
(21, 'AgroTécnicos Asociados', '6212345678', 'Avenida 90 #12-34, Florencia'),
(22, 'Insumos Agrícolas del Sur', '6223456789', 'Carrera 23 #45-67, Yopal'),
(23, 'Fertilizantes Naturales', '6234567890', 'Calle 56 #78-90, Mocoa'),
(24, 'Distribuidora Agropecuaria', '6245678901', 'Avenida 78 #90-12, San José del Guaviare'),
(25, 'Semillas Selectas', '6256789012', 'Carrera 34 #56-78, Mitú'),
(26, 'AgroMaquinaria', '6267890123', 'Calle 67 #89-01, Puerto Carreño'),
(27, 'Insumos del Pacífico', '6278901234', 'Avenida 23 #45-67, Inírida'),
(28, 'Fertilizantes Ecológicos', '6289012345', 'Carrera 56 #78-90, Leticia'),
(29, 'Herramientas del Sur', '6290123456', 'Calle 89 #01-23, San Andrés'),
(30, 'AgroSuministros del Norte', '6301234567', 'Avenida 45 #67-89, Bogotá'),
(31, 'Semillas de Calidad', '6312345678', 'Carrera 12 #34-56, Medellín'),
(32, 'Insumos Agrícolas del Centro', '6323456789', 'Calle 34 #56-78, Cali'),
(33, 'Fertilizantes del Sur', '6334567890', 'Avenida 90 #12-34, Barranquilla'),
(34, 'Distribuidora de Insumos', '6345678901', 'Carrera 23 #45-67, Cartagena'),
(35, 'Maquinaria Agrícola del Norte', '6356789012', 'Calle 56 #78-90, Bucaramanga'),
(36, 'AgroTécnicos del Valle', '6367890123', 'Avenida 78 #90-12, Pereira'),
(37, 'Insumos del Caribe', '6378901234', 'Carrera 34 #56-78, Manizales'),
(38, 'Semillas del Pacífico', '6389012345', 'Calle 67 #89-01, Ibagué'),
(39, 'Fertilizantes del Oriente', '6390123456', 'Avenida 23 #45-67, Neiva'),
(40, 'Herramientas del Norte', '6401234567', 'Carrera 56 #78-90, Santa Marta'),
(41, 'AgroInsumos del Sur', '6412345678', 'Calle 89 #01-23, Villavicencio'),
(42, 'Distribuidora Agrícola del Centro', '6423456789', 'Avenida 45 #67-89, Pasto'),
(43, 'Maquinaria del Sur', '6434567890', 'Carrera 12 #34-56, Cúcuta'),
(44, 'Semillas del Caribe', '6445678901', 'Calle 34 #56-78, Montería'),
(45, 'Insumos Agrícolas del Norte', '6456789012', 'Avenida 90 #12-34, Armenia'),
(46, 'Fertilizantes del Centro', '6467890123', 'Carrera 23 #45-67, Popayán'),
(47, 'AgroTécnicos del Pacífico', '6478901234', 'Calle 56 #78-90, Sincelejo'),
(48, 'Herramientas del Oriente', '6489012345', 'Avenida 78 #90-12, Tunja'),
(49, 'Distribuidora de Maquinaria', '6490123456', 'Carrera 34 #56-78, Riohacha'),
(50, 'Semillas del Norte', '6501234567', 'Calle 67 #89-01, Valledupar');

INSERT INTO PRODUCTO (ID_Producto, Nombre, Tipo, Precio_unitario, ID_Proveedor) VALUES 
(1, 'Maíz Amarillo', 'Granos', 1200.00, 1),
(2, 'Arroz Blanco', 'Granos', 1500.00, 2),
(3, 'Frijol Negro', 'Legumbres', 1800.00, 3),
(4, 'Trigo', 'Granos', 1300.00, 4),
(5, 'Cebada', 'Granos', 1400.00, 5),
(6, 'Avena', 'Granos', 1600.00, 6),
(7, 'Lentejas', 'Legumbres', 2000.00, 7),
(8, 'Garbanzos', 'Legumbres', 2200.00, 8),
(9, 'Soja', 'Legumbres', 1900.00, 9),
(10, 'Sorgo', 'Granos', 1100.00, 10),
(11, 'Maíz Blanco', 'Granos', 1250.00, 11),
(12, 'Arroz Integral', 'Granos', 1700.00, 12),
(13, 'Frijol Rojo', 'Legumbres', 1850.00, 13),
(14, 'Centeno', 'Granos', 1350.00, 14),
(15, 'Quinua', 'Granos', 3000.00, 15),
(16, 'Amaranto', 'Granos', 2800.00, 16),
(17, 'Alubias', 'Legumbres', 2100.00, 17),
(18, 'Habas', 'Legumbres', 2300.00, 18),
(19, 'Guisantes', 'Legumbres', 1950.00, 19),
(20, 'Mijo', 'Granos', 1450.00, 20),
(21, 'Maíz Morado', 'Granos', 2400.00, 21),
(22, 'Arroz Basmati', 'Granos', 2500.00, 22),
(23, 'Frijol Blanco', 'Legumbres', 1750.00, 23),
(24, 'Trigo Sarraceno', 'Granos', 2600.00, 24),
(25, 'Cebada Perlada', 'Granos', 1550.00, 25),
(26, 'Avena Instantánea', 'Granos', 1800.00, 26),
(27, 'Lentejas Rojas', 'Legumbres', 2050.00, 27),
(28, 'Garbanzos Negros', 'Legumbres', 2350.00, 28),
(29, 'Soja Texturizada', 'Legumbres', 2250.00, 29),
(30, 'Sorgo Blanco', 'Granos', 1150.00, 30),
(31, 'Maíz Dulce', 'Granos', 2450.00, 31),
(32, 'Arroz Jazmín', 'Granos', 2550.00, 32),
(33, 'Frijol Bayo', 'Legumbres', 1650.00, 33),
(34, 'Trigo Duro', 'Granos', 2750.00, 34),
(35, 'Cebada Malteada', 'Granos', 2950.00, 35),
(36, 'Avena en Hojuelas', 'Granos', 1950.00, 36),
(37, 'Lentejas Verdes', 'Legumbres', 2150.00, 37),
(38, 'Garbanzos Orgánicos', 'Legumbres', 2650.00, 38),
(39, 'Soja Orgánica', 'Legumbres', 3100.00, 39),
(40, 'Sorgo Rojo', 'Granos', 1250.00, 40),
(41, 'Maíz para Palomitas', 'Granos', 2300.00, 41),
(42, 'Arroz Arborio', 'Granos', 2700.00, 42),
(43, 'Frijol Peruano', 'Legumbres', 1850.00, 43),
(44, 'Trigo Integral', 'Granos', 1450.00, 44),
(45, 'Cebada para Cerveza', 'Granos', 3200.00, 45),
(46, 'Avena Integral', 'Granos', 1750.00, 46),
(47, 'Lentejas Amarillas', 'Legumbres', 1950.00, 47),
(48, 'Garbanzos para Cocido', 'Legumbres', 2250.00, 48),
(49, 'Soja Transgénica', 'Legumbres', 1800.00, 49),
(50, 'Sorgo para Forraje', 'Granos', 950.00, 50);

INSERT INTO VENTAS (ID_Venta, ID_Cliente, Fecha_Venta, Metodo_Pago) VALUES
(1, 1, '2023-01-05 09:15:00', 'Efectivo'),
(2, 3, '2023-01-07 10:30:00', 'Tarjeta de Crédito'),
(3, 5, '2023-01-10 11:45:00', 'Transferencia Bancaria'),
(4, 7, '2023-01-12 14:20:00', 'Efectivo'),
(5, 9, '2023-01-15 16:35:00', 'Tarjeta de Débito'),
(6, 2, '2023-01-18 08:50:00', 'Efectivo'),
(7, 4, '2023-01-20 13:10:00', 'Tarjeta de Crédito'),
(8, 6, '2023-01-23 10:25:00', 'Transferencia Bancaria'),
(9, 8, '2023-01-25 15:40:00', 'Efectivo'),
(10, 10, '2023-01-28 12:55:00', 'Tarjeta de Débito'),
(11, 11, '2023-02-01 09:05:00', 'Efectivo'),
(12, 13, '2023-02-03 14:30:00', 'Tarjeta de Crédito'),
(13, 15, '2023-02-06 11:15:00', 'Transferencia Bancaria'),
(14, 17, '2023-02-09 16:40:00', 'Efectivo'),
(15, 19, '2023-02-12 08:20:00', 'Tarjeta de Débito'),
(16, 12, '2023-02-15 13:35:00', 'Efectivo'),
(17, 14, '2023-02-18 10:50:00', 'Tarjeta de Crédito'),
(18, 16, '2023-02-21 15:05:00', 'Transferencia Bancaria'),
(19, 18, '2023-02-24 09:30:00', 'Efectivo'),
(20, 20, '2023-02-27 14:45:00', 'Tarjeta de Débito'),
(21, 21, '2023-03-02 11:00:00', 'Efectivo'),
(22, 23, '2023-03-05 16:15:00', 'Tarjeta de Crédito'),
(23, 25, '2023-03-08 10:40:00', 'Transferencia Bancaria'),
(24, 27, '2023-03-11 15:55:00', 'Efectivo'),
(25, 29, '2023-03-14 12:10:00', 'Tarjeta de Débito'),
(26, 22, '2023-03-17 09:25:00', 'Efectivo'),
(27, 24, '2023-03-20 14:40:00', 'Tarjeta de Crédito'),
(28, 26, '2023-03-23 11:55:00', 'Transferencia Bancaria'),
(29, 28, '2023-03-26 16:10:00', 'Efectivo'),
(30, 30, '2023-03-29 08:45:00', 'Tarjeta de Débito'),
(31, 31, '2023-04-01 13:00:00', 'Efectivo'),
(32, 33, '2023-04-04 10:15:00', 'Tarjeta de Crédito'),
(33, 35, '2023-04-07 15:30:00', 'Transferencia Bancaria'),
(34, 37, '2023-04-10 12:45:00', 'Efectivo'),
(35, 39, '2023-04-13 17:00:00', 'Tarjeta de Débito'),
(36, 32, '2023-04-16 09:15:00', 'Efectivo'),
(37, 34, '2023-04-19 14:30:00', 'Tarjeta de Crédito'),
(38, 36, '2023-04-22 11:45:00', 'Transferencia Bancaria'),
(39, 38, '2023-04-25 16:00:00', 'Efectivo'),
(40, 40, '2023-04-28 08:25:00', 'Tarjeta de Débito'),
(41, 41, '2023-05-02 13:40:00', 'Efectivo'),
(42, 43, '2023-05-05 10:55:00', 'Tarjeta de Crédito'),
(43, 45, '2023-05-08 15:10:00', 'Transferencia Bancaria'),
(44, 47, '2023-05-11 12:25:00', 'Efectivo'),
(45, 49, '2023-05-14 17:40:00', 'Tarjeta de Débito'),
(46, 42, '2023-05-17 09:55:00', 'Efectivo'),
(47, 44, '2023-05-20 15:10:00', 'Tarjeta de Crédito'),
(48, 46, '2023-05-23 11:25:00', 'Transferencia Bancaria'),
(49, 48, '2023-05-26 16:40:00', 'Efectivo'),
(50, 50, '2023-05-29 08:55:00', 'Tarjeta de Débito');


INSERT INTO DETALLES_VENTA (ID_Detalle_Venta, ID_Venta, ID_Producto, Cantidad, Precio_Por_Unidad) VALUES
(1, 1, 5, 10, 1400.00),
(2, 1, 12, 5, 1700.00),
(3, 2, 8, 8, 2200.00),
(4, 3, 15, 3, 3000.00),
(5, 3, 22, 4, 2500.00),
(6, 4, 3, 12, 1800.00),
(7, 5, 30, 15, 1150.00),
(8, 6, 17, 6, 2100.00),
(9, 7, 9, 7, 1900.00),
(10, 8, 25, 5, 1550.00),
(11, 9, 40, 20, 1250.00),
(12, 10, 33, 8, 1650.00),
(13, 11, 7, 10, 2000.00),
(14, 12, 19, 6, 1950.00),
(15, 13, 28, 4, 2350.00),
(16, 14, 11, 12, 1250.00),
(17, 15, 45, 2, 3200.00),
(18, 16, 36, 7, 1950.00),
(19, 17, 21, 5, 2400.00),
(20, 18, 48, 3, 2250.00),
(21, 19, 2, 15, 1500.00),
(22, 20, 37, 4, 2150.00),
(23, 21, 14, 8, 1350.00),
(24, 22, 49, 5, 1800.00),
(25, 23, 26, 6, 1800.00),
(26, 24, 1, 20, 1200.00),
(27, 25, 44, 7, 1450.00),
(28, 26, 31, 3, 2450.00),
(29, 27, 18, 5, 2300.00),
(30, 28, 50, 25, 950.00),
(31, 29, 6, 10, 1600.00),
(32, 30, 39, 2, 3100.00),
(33, 31, 23, 8, 1750.00),
(34, 32, 10, 15, 1100.00),
(35, 33, 41, 4, 2300.00),
(36, 34, 29, 3, 2250.00),
(37, 35, 16, 5, 2800.00),
(38, 36, 4, 12, 1300.00),
(39, 37, 47, 6, 1950.00),
(40, 38, 20, 8, 1450.00),
(41, 39, 35, 2, 2950.00),
(42, 40, 13, 10, 1850.00),
(43, 41, 42, 3, 2700.00),
(44, 42, 24, 4, 2600.00),
(45, 43, 38, 2, 2650.00),
(46, 44, 27, 5, 2050.00),
(47, 45, 34, 3, 2750.00),
(48, 46, 43, 7, 1850.00),
(49, 47, 32, 4, 2550.00),
(50, 48, 46, 6, 1750.00);

